Record Length,Sample Interval,Trigger Point,Source,Vertical Units,Vertical Scale,Vertical Offset,Horizontal Units,Horizontal Scale,Pt Fmt,Yzero,Probe Atten,Model Number,Serial Number,Firmware Version,T,V
2500,0.001,510,CH2,V,1,-2.28,s,0.25,Y,0,1,TDS2014C,C014547,FV:v24.18 rus,-0.51,0
,,,,,,,,,,,,,,,-0.509,-0.04
,,,,,,,,,,,,,,,-0.508,0
,,,,,,,,,,,,,,,-0.507,0
,,,,,,,,,,,,,,,-0.506,-0.04
,,,,,,,,,,,,,,,-0.505,0
,,,,,,,,,,,,,,,-0.504,0
,,,,,,,,,,,,,,,-0.503,0
,,,,,,,,,,,,,,,-0.502,0
,,,,,,,,,,,,,,,-0.501,0
,,,,,,,,,,,,,,,-0.5,0
,,,,,,,,,,,,,,,-0.499,-0.04
,,,,,,,,,,,,,,,-0.498,0
,,,,,,,,,,,,,,,-0.497,0
,,,,,,,,,,,,,,,-0.496,-0.04
,,,,,,,,,,,,,,,-0.495,0
,,,,,,,,,,,,,,,-0.494,0
,,,,,,,,,,,,,,,-0.493,0
,,,,,,,,,,,,,,,-0.492,0
,,,,,,,,,,,,,,,-0.491,0
,,,,,,,,,,,,,,,-0.49,-0.04
,,,,,,,,,,,,,,,-0.489,0
,,,,,,,,,,,,,,,-0.488,-0.04
,,,,,,,,,,,,,,,-0.487,-0.04
,,,,,,,,,,,,,,,-0.486,0
,,,,,,,,,,,,,,,-0.485,-0.04
,,,,,,,,,,,,,,,-0.484,-0.04
,,,,,,,,,,,,,,,-0.483,-0.04
,,,,,,,,,,,,,,,-0.482,-0.04
,,,,,,,,,,,,,,,-0.481,0
,,,,,,,,,,,,,,,-0.48,-0.04
,,,,,,,,,,,,,,,-0.479,0
,,,,,,,,,,,,,,,-0.478,0
,,,,,,,,,,,,,,,-0.477,0
,,,,,,,,,,,,,,,-0.476,0
,,,,,,,,,,,,,,,-0.475,0
,,,,,,,,,,,,,,,-0.474,-0.04
,,,,,,,,,,,,,,,-0.473,-0.04
,,,,,,,,,,,,,,,-0.472,0
,,,,,,,,,,,,,,,-0.471,0
,,,,,,,,,,,,,,,-0.47,-0.04
,,,,,,,,,,,,,,,-0.469,-0.04
,,,,,,,,,,,,,,,-0.468,0
,,,,,,,,,,,,,,,-0.467,-0.04
,,,,,,,,,,,,,,,-0.466,0
,,,,,,,,,,,,,,,-0.465,0
,,,,,,,,,,,,,,,-0.464,-0.04
,,,,,,,,,,,,,,,-0.463,-0.04
,,,,,,,,,,,,,,,-0.462,0
,,,,,,,,,,,,,,,-0.461,-0.04
,,,,,,,,,,,,,,,-0.46,-0.04
,,,,,,,,,,,,,,,-0.459,0
,,,,,,,,,,,,,,,-0.458,0
,,,,,,,,,,,,,,,-0.457,0
,,,,,,,,,,,,,,,-0.456,-0.04
,,,,,,,,,,,,,,,-0.455,-0.04
,,,,,,,,,,,,,,,-0.454,0
,,,,,,,,,,,,,,,-0.453,-0.04
,,,,,,,,,,,,,,,-0.452,-0.04
,,,,,,,,,,,,,,,-0.451,-0.04
,,,,,,,,,,,,,,,-0.45,0
,,,,,,,,,,,,,,,-0.449,-0.04
,,,,,,,,,,,,,,,-0.448,-0.04
,,,,,,,,,,,,,,,-0.447,0
,,,,,,,,,,,,,,,-0.446,0
,,,,,,,,,,,,,,,-0.445,0
,,,,,,,,,,,,,,,-0.444,0
,,,,,,,,,,,,,,,-0.443,-0.04
,,,,,,,,,,,,,,,-0.442,0
,,,,,,,,,,,,,,,-0.441,-0.04
,,,,,,,,,,,,,,,-0.44,0
,,,,,,,,,,,,,,,-0.439,0
,,,,,,,,,,,,,,,-0.438,0
,,,,,,,,,,,,,,,-0.437,-0.04
,,,,,,,,,,,,,,,-0.436,0
,,,,,,,,,,,,,,,-0.435,0
,,,,,,,,,,,,,,,-0.434,0
,,,,,,,,,,,,,,,-0.433,-0.04
,,,,,,,,,,,,,,,-0.432,-0.04
,,,,,,,,,,,,,,,-0.431,0
,,,,,,,,,,,,,,,-0.43,-0.04
,,,,,,,,,,,,,,,-0.429,-0.04
,,,,,,,,,,,,,,,-0.428,-0.04
,,,,,,,,,,,,,,,-0.427,-0.04
,,,,,,,,,,,,,,,-0.426,-0.04
,,,,,,,,,,,,,,,-0.425,-0.04
,,,,,,,,,,,,,,,-0.424,0
,,,,,,,,,,,,,,,-0.423,0
,,,,,,,,,,,,,,,-0.422,-0.04
,,,,,,,,,,,,,,,-0.421,-0.04
,,,,,,,,,,,,,,,-0.42,0
,,,,,,,,,,,,,,,-0.419,-0.04
,,,,,,,,,,,,,,,-0.418,0
,,,,,,,,,,,,,,,-0.417,0
,,,,,,,,,,,,,,,-0.416,0
,,,,,,,,,,,,,,,-0.415,0
,,,,,,,,,,,,,,,-0.414,0
,,,,,,,,,,,,,,,-0.413,-0.04
,,,,,,,,,,,,,,,-0.412,0
,,,,,,,,,,,,,,,-0.411,-0.04
,,,,,,,,,,,,,,,-0.41,0
,,,,,,,,,,,,,,,-0.409,-0.04
,,,,,,,,,,,,,,,-0.408,-0.04
,,,,,,,,,,,,,,,-0.407,0
,,,,,,,,,,,,,,,-0.406,-0.04
,,,,,,,,,,,,,,,-0.405,0
,,,,,,,,,,,,,,,-0.404,0
,,,,,,,,,,,,,,,-0.403,0
,,,,,,,,,,,,,,,-0.402,-0.04
,,,,,,,,,,,,,,,-0.401,0
,,,,,,,,,,,,,,,-0.4,0
,,,,,,,,,,,,,,,-0.399,0
,,,,,,,,,,,,,,,-0.398,0
,,,,,,,,,,,,,,,-0.397,0
,,,,,,,,,,,,,,,-0.396,0
,,,,,,,,,,,,,,,-0.395,0
,,,,,,,,,,,,,,,-0.394,-0.04
,,,,,,,,,,,,,,,-0.393,0
,,,,,,,,,,,,,,,-0.392,-0.04
,,,,,,,,,,,,,,,-0.391,0
,,,,,,,,,,,,,,,-0.39,-0.04
,,,,,,,,,,,,,,,-0.389,0
,,,,,,,,,,,,,,,-0.388,0
,,,,,,,,,,,,,,,-0.387,-0.04
,,,,,,,,,,,,,,,-0.386,-0.04
,,,,,,,,,,,,,,,-0.385,-0.04
,,,,,,,,,,,,,,,-0.384,0
,,,,,,,,,,,,,,,-0.383,0
,,,,,,,,,,,,,,,-0.382,0
,,,,,,,,,,,,,,,-0.381,0
,,,,,,,,,,,,,,,-0.38,0
,,,,,,,,,,,,,,,-0.379,0
,,,,,,,,,,,,,,,-0.378,-0.04
,,,,,,,,,,,,,,,-0.377,0
,,,,,,,,,,,,,,,-0.376,-0.04
,,,,,,,,,,,,,,,-0.375,0
,,,,,,,,,,,,,,,-0.374,0
,,,,,,,,,,,,,,,-0.373,0
,,,,,,,,,,,,,,,-0.372,-0.04
,,,,,,,,,,,,,,,-0.371,0
,,,,,,,,,,,,,,,-0.37,-0.04
,,,,,,,,,,,,,,,-0.369,0
,,,,,,,,,,,,,,,-0.368,-0.04
,,,,,,,,,,,,,,,-0.367,-0.04
,,,,,,,,,,,,,,,-0.366,0
,,,,,,,,,,,,,,,-0.365,-0.04
,,,,,,,,,,,,,,,-0.364,-0.04
,,,,,,,,,,,,,,,-0.363,0
,,,,,,,,,,,,,,,-0.362,-0.04
,,,,,,,,,,,,,,,-0.361,0
,,,,,,,,,,,,,,,-0.36,0
,,,,,,,,,,,,,,,-0.359,0
,,,,,,,,,,,,,,,-0.358,0
,,,,,,,,,,,,,,,-0.357,0
,,,,,,,,,,,,,,,-0.356,0
,,,,,,,,,,,,,,,-0.355,0
,,,,,,,,,,,,,,,-0.354,0
,,,,,,,,,,,,,,,-0.353,0
,,,,,,,,,,,,,,,-0.352,0
,,,,,,,,,,,,,,,-0.351,0
,,,,,,,,,,,,,,,-0.35,0
,,,,,,,,,,,,,,,-0.349,0
,,,,,,,,,,,,,,,-0.348,-0.04
,,,,,,,,,,,,,,,-0.347,-0.04
,,,,,,,,,,,,,,,-0.346,0
,,,,,,,,,,,,,,,-0.345,0
,,,,,,,,,,,,,,,-0.344,-0.04
,,,,,,,,,,,,,,,-0.343,-0.04
,,,,,,,,,,,,,,,-0.342,-0.04
,,,,,,,,,,,,,,,-0.341,-0.04
,,,,,,,,,,,,,,,-0.34,-0.04
,,,,,,,,,,,,,,,-0.339,0
,,,,,,,,,,,,,,,-0.338,0
,,,,,,,,,,,,,,,-0.337,-0.04
,,,,,,,,,,,,,,,-0.336,-0.04
,,,,,,,,,,,,,,,-0.335,-0.04
,,,,,,,,,,,,,,,-0.334,0
,,,,,,,,,,,,,,,-0.333,-0.04
,,,,,,,,,,,,,,,-0.332,0
,,,,,,,,,,,,,,,-0.331,-0.04
,,,,,,,,,,,,,,,-0.33,0
,,,,,,,,,,,,,,,-0.329,0
,,,,,,,,,,,,,,,-0.328,-0.04
,,,,,,,,,,,,,,,-0.327,0
,,,,,,,,,,,,,,,-0.326,-0.04
,,,,,,,,,,,,,,,-0.325,-0.04
,,,,,,,,,,,,,,,-0.324,-0.04
,,,,,,,,,,,,,,,-0.323,0
,,,,,,,,,,,,,,,-0.322,0
,,,,,,,,,,,,,,,-0.321,0
,,,,,,,,,,,,,,,-0.32,0
,,,,,,,,,,,,,,,-0.319,0
,,,,,,,,,,,,,,,-0.318,0
,,,,,,,,,,,,,,,-0.317,-0.04
,,,,,,,,,,,,,,,-0.316,-0.04
,,,,,,,,,,,,,,,-0.315,-0.04
,,,,,,,,,,,,,,,-0.314,0
,,,,,,,,,,,,,,,-0.313,0
,,,,,,,,,,,,,,,-0.312,0
,,,,,,,,,,,,,,,-0.311,-0.04
,,,,,,,,,,,,,,,-0.31,-0.04
,,,,,,,,,,,,,,,-0.309,0
,,,,,,,,,,,,,,,-0.308,0
,,,,,,,,,,,,,,,-0.307,-0.04
,,,,,,,,,,,,,,,-0.306,0
,,,,,,,,,,,,,,,-0.305,-0.04
,,,,,,,,,,,,,,,-0.304,-0.04
,,,,,,,,,,,,,,,-0.303,0
,,,,,,,,,,,,,,,-0.302,-0.04
,,,,,,,,,,,,,,,-0.301,0
,,,,,,,,,,,,,,,-0.3,0
,,,,,,,,,,,,,,,-0.299,-0.04
,,,,,,,,,,,,,,,-0.298,0
,,,,,,,,,,,,,,,-0.297,0
,,,,,,,,,,,,,,,-0.296,-0.04
,,,,,,,,,,,,,,,-0.295,0
,,,,,,,,,,,,,,,-0.294,-0.04
,,,,,,,,,,,,,,,-0.293,0
,,,,,,,,,,,,,,,-0.292,0
,,,,,,,,,,,,,,,-0.291,0
,,,,,,,,,,,,,,,-0.29,-0.04
,,,,,,,,,,,,,,,-0.289,0
,,,,,,,,,,,,,,,-0.288,0
,,,,,,,,,,,,,,,-0.287,0
,,,,,,,,,,,,,,,-0.286,-0.04
,,,,,,,,,,,,,,,-0.285,0
,,,,,,,,,,,,,,,-0.284,0
,,,,,,,,,,,,,,,-0.283,-0.04
,,,,,,,,,,,,,,,-0.282,0
,,,,,,,,,,,,,,,-0.281,0
,,,,,,,,,,,,,,,-0.28,0
,,,,,,,,,,,,,,,-0.279,0
,,,,,,,,,,,,,,,-0.278,0
,,,,,,,,,,,,,,,-0.277,0
,,,,,,,,,,,,,,,-0.276,-0.04
,,,,,,,,,,,,,,,-0.275,0
,,,,,,,,,,,,,,,-0.274,0
,,,,,,,,,,,,,,,-0.273,-0.04
,,,,,,,,,,,,,,,-0.272,0
,,,,,,,,,,,,,,,-0.271,-0.04
,,,,,,,,,,,,,,,-0.27,0
,,,,,,,,,,,,,,,-0.269,0
,,,,,,,,,,,,,,,-0.268,0
,,,,,,,,,,,,,,,-0.267,0
,,,,,,,,,,,,,,,-0.266,0
,,,,,,,,,,,,,,,-0.265,0
,,,,,,,,,,,,,,,-0.264,0
,,,,,,,,,,,,,,,-0.263,-0.04
,,,,,,,,,,,,,,,-0.262,0
,,,,,,,,,,,,,,,-0.261,0
,,,,,,,,,,,,,,,-0.26,0
,,,,,,,,,,,,,,,-0.259,0
,,,,,,,,,,,,,,,-0.258,-0.04
,,,,,,,,,,,,,,,-0.257,-0.04
,,,,,,,,,,,,,,,-0.256,0
,,,,,,,,,,,,,,,-0.255,-0.04
,,,,,,,,,,,,,,,-0.254,-0.04
,,,,,,,,,,,,,,,-0.253,-0.04
,,,,,,,,,,,,,,,-0.252,0
,,,,,,,,,,,,,,,-0.251,0
,,,,,,,,,,,,,,,-0.25,0
,,,,,,,,,,,,,,,-0.249,-0.04
,,,,,,,,,,,,,,,-0.248,0
,,,,,,,,,,,,,,,-0.247,-0.04
,,,,,,,,,,,,,,,-0.246,-0.04
,,,,,,,,,,,,,,,-0.245,0
,,,,,,,,,,,,,,,-0.244,0
,,,,,,,,,,,,,,,-0.243,0
,,,,,,,,,,,,,,,-0.242,-0.04
,,,,,,,,,,,,,,,-0.241,-0.04
,,,,,,,,,,,,,,,-0.24,0
,,,,,,,,,,,,,,,-0.239,0
,,,,,,,,,,,,,,,-0.238,0
,,,,,,,,,,,,,,,-0.237,0
,,,,,,,,,,,,,,,-0.236,0
,,,,,,,,,,,,,,,-0.235,0
,,,,,,,,,,,,,,,-0.234,0
,,,,,,,,,,,,,,,-0.233,0
,,,,,,,,,,,,,,,-0.232,-0.04
,,,,,,,,,,,,,,,-0.231,0
,,,,,,,,,,,,,,,-0.23,0
,,,,,,,,,,,,,,,-0.229,-0.04
,,,,,,,,,,,,,,,-0.228,0
,,,,,,,,,,,,,,,-0.227,0
,,,,,,,,,,,,,,,-0.226,0
,,,,,,,,,,,,,,,-0.225,-0.04
,,,,,,,,,,,,,,,-0.224,-0.04
,,,,,,,,,,,,,,,-0.223,-0.04
,,,,,,,,,,,,,,,-0.222,-0.04
,,,,,,,,,,,,,,,-0.221,0
,,,,,,,,,,,,,,,-0.22,-0.04
,,,,,,,,,,,,,,,-0.219,0
,,,,,,,,,,,,,,,-0.218,0
,,,,,,,,,,,,,,,-0.217,-0.04
,,,,,,,,,,,,,,,-0.216,0
,,,,,,,,,,,,,,,-0.215,0
,,,,,,,,,,,,,,,-0.214,0
,,,,,,,,,,,,,,,-0.213,0
,,,,,,,,,,,,,,,-0.212,0
,,,,,,,,,,,,,,,-0.211,-0.04
,,,,,,,,,,,,,,,-0.21,0
,,,,,,,,,,,,,,,-0.209,0
,,,,,,,,,,,,,,,-0.208,0
,,,,,,,,,,,,,,,-0.207,0
,,,,,,,,,,,,,,,-0.206,0
,,,,,,,,,,,,,,,-0.205,0
,,,,,,,,,,,,,,,-0.204,0
,,,,,,,,,,,,,,,-0.203,0
,,,,,,,,,,,,,,,-0.202,0
,,,,,,,,,,,,,,,-0.201,0
,,,,,,,,,,,,,,,-0.2,0
,,,,,,,,,,,,,,,-0.199,0
,,,,,,,,,,,,,,,-0.198,-0.04
,,,,,,,,,,,,,,,-0.197,0
,,,,,,,,,,,,,,,-0.196,-0.04
,,,,,,,,,,,,,,,-0.195,0
,,,,,,,,,,,,,,,-0.194,-0.04
,,,,,,,,,,,,,,,-0.193,0
,,,,,,,,,,,,,,,-0.192,0
,,,,,,,,,,,,,,,-0.191,-0.04
,,,,,,,,,,,,,,,-0.19,0
,,,,,,,,,,,,,,,-0.189,0
,,,,,,,,,,,,,,,-0.188,-0.04
,,,,,,,,,,,,,,,-0.187,0
,,,,,,,,,,,,,,,-0.186,-0.04
,,,,,,,,,,,,,,,-0.185,0
,,,,,,,,,,,,,,,-0.184,0
,,,,,,,,,,,,,,,-0.183,-0.04
,,,,,,,,,,,,,,,-0.182,-0.04
,,,,,,,,,,,,,,,-0.181,-0.04
,,,,,,,,,,,,,,,-0.18,0
,,,,,,,,,,,,,,,-0.179,-0.04
,,,,,,,,,,,,,,,-0.178,-0.04
,,,,,,,,,,,,,,,-0.177,0
,,,,,,,,,,,,,,,-0.176,0
,,,,,,,,,,,,,,,-0.175,0
,,,,,,,,,,,,,,,-0.174,-0.04
,,,,,,,,,,,,,,,-0.173,-0.04
,,,,,,,,,,,,,,,-0.172,-0.04
,,,,,,,,,,,,,,,-0.171,0
,,,,,,,,,,,,,,,-0.17,0
,,,,,,,,,,,,,,,-0.169,0
,,,,,,,,,,,,,,,-0.168,0
,,,,,,,,,,,,,,,-0.167,-0.04
,,,,,,,,,,,,,,,-0.166,-0.04
,,,,,,,,,,,,,,,-0.165,0
,,,,,,,,,,,,,,,-0.164,-0.04
,,,,,,,,,,,,,,,-0.163,0
,,,,,,,,,,,,,,,-0.162,0
,,,,,,,,,,,,,,,-0.161,-0.04
,,,,,,,,,,,,,,,-0.16,0
,,,,,,,,,,,,,,,-0.159,-0.04
,,,,,,,,,,,,,,,-0.158,-0.04
,,,,,,,,,,,,,,,-0.157,0
,,,,,,,,,,,,,,,-0.156,0
,,,,,,,,,,,,,,,-0.155,0
,,,,,,,,,,,,,,,-0.154,0
,,,,,,,,,,,,,,,-0.153,0
,,,,,,,,,,,,,,,-0.152,0
,,,,,,,,,,,,,,,-0.151,0
,,,,,,,,,,,,,,,-0.15,0
,,,,,,,,,,,,,,,-0.149,0
,,,,,,,,,,,,,,,-0.148,-0.04
,,,,,,,,,,,,,,,-0.147,0
,,,,,,,,,,,,,,,-0.146,-0.04
,,,,,,,,,,,,,,,-0.145,0
,,,,,,,,,,,,,,,-0.144,-0.04
,,,,,,,,,,,,,,,-0.143,0
,,,,,,,,,,,,,,,-0.142,0
,,,,,,,,,,,,,,,-0.141,0
,,,,,,,,,,,,,,,-0.14,0
,,,,,,,,,,,,,,,-0.139,0
,,,,,,,,,,,,,,,-0.138,0
,,,,,,,,,,,,,,,-0.137,0
,,,,,,,,,,,,,,,-0.136,0
,,,,,,,,,,,,,,,-0.135,0
,,,,,,,,,,,,,,,-0.134,-0.04
,,,,,,,,,,,,,,,-0.133,0
,,,,,,,,,,,,,,,-0.132,0
,,,,,,,,,,,,,,,-0.131,0
,,,,,,,,,,,,,,,-0.13,-0.04
,,,,,,,,,,,,,,,-0.129,-0.04
,,,,,,,,,,,,,,,-0.128,0
,,,,,,,,,,,,,,,-0.127,-0.04
,,,,,,,,,,,,,,,-0.126,-0.04
,,,,,,,,,,,,,,,-0.125,0
,,,,,,,,,,,,,,,-0.124,0
,,,,,,,,,,,,,,,-0.123,0
,,,,,,,,,,,,,,,-0.122,0
,,,,,,,,,,,,,,,-0.121,0
,,,,,,,,,,,,,,,-0.12,0
,,,,,,,,,,,,,,,-0.119,0
,,,,,,,,,,,,,,,-0.118,0
,,,,,,,,,,,,,,,-0.117,-0.04
,,,,,,,,,,,,,,,-0.116,0
,,,,,,,,,,,,,,,-0.115,0
,,,,,,,,,,,,,,,-0.114,0
,,,,,,,,,,,,,,,-0.113,0
,,,,,,,,,,,,,,,-0.112,0
,,,,,,,,,,,,,,,-0.111,0
,,,,,,,,,,,,,,,-0.11,-0.04
,,,,,,,,,,,,,,,-0.109,0
,,,,,,,,,,,,,,,-0.108,0
,,,,,,,,,,,,,,,-0.107,-0.04
,,,,,,,,,,,,,,,-0.106,0
,,,,,,,,,,,,,,,-0.105,0
,,,,,,,,,,,,,,,-0.104,0
,,,,,,,,,,,,,,,-0.103,0
,,,,,,,,,,,,,,,-0.102,0
,,,,,,,,,,,,,,,-0.101,0
,,,,,,,,,,,,,,,-0.1,0
,,,,,,,,,,,,,,,-0.099,0
,,,,,,,,,,,,,,,-0.098,-0.04
,,,,,,,,,,,,,,,-0.097,0
,,,,,,,,,,,,,,,-0.096,0
,,,,,,,,,,,,,,,-0.095,0
,,,,,,,,,,,,,,,-0.094,-0.04
,,,,,,,,,,,,,,,-0.093,0
,,,,,,,,,,,,,,,-0.092,0
,,,,,,,,,,,,,,,-0.091,0
,,,,,,,,,,,,,,,-0.09,-0.04
,,,,,,,,,,,,,,,-0.089,0
,,,,,,,,,,,,,,,-0.088,0
,,,,,,,,,,,,,,,-0.087,0
,,,,,,,,,,,,,,,-0.086,-0.04
,,,,,,,,,,,,,,,-0.085,-0.04
,,,,,,,,,,,,,,,-0.084,-0.04
,,,,,,,,,,,,,,,-0.083,0
,,,,,,,,,,,,,,,-0.082,0
,,,,,,,,,,,,,,,-0.081,-0.04
,,,,,,,,,,,,,,,-0.08,-0.04
,,,,,,,,,,,,,,,-0.079,-0.04
,,,,,,,,,,,,,,,-0.078,-0.04
,,,,,,,,,,,,,,,-0.077,-0.04
,,,,,,,,,,,,,,,-0.076,-0.04
,,,,,,,,,,,,,,,-0.075,0
,,,,,,,,,,,,,,,-0.074,0
,,,,,,,,,,,,,,,-0.073,0
,,,,,,,,,,,,,,,-0.072,-0.04
,,,,,,,,,,,,,,,-0.071,-0.04
,,,,,,,,,,,,,,,-0.07,0
,,,,,,,,,,,,,,,-0.069,0
,,,,,,,,,,,,,,,-0.068,0
,,,,,,,,,,,,,,,-0.067,0
,,,,,,,,,,,,,,,-0.066,0
,,,,,,,,,,,,,,,-0.065,0
,,,,,,,,,,,,,,,-0.064,-0.04
,,,,,,,,,,,,,,,-0.063,-0.04
,,,,,,,,,,,,,,,-0.062,-0.04
,,,,,,,,,,,,,,,-0.061,0
,,,,,,,,,,,,,,,-0.06,0
,,,,,,,,,,,,,,,-0.059,-0.04
,,,,,,,,,,,,,,,-0.058,0
,,,,,,,,,,,,,,,-0.057,0
,,,,,,,,,,,,,,,-0.056,0
,,,,,,,,,,,,,,,-0.055,0
,,,,,,,,,,,,,,,-0.054,0
,,,,,,,,,,,,,,,-0.053,0
,,,,,,,,,,,,,,,-0.052,-0.04
,,,,,,,,,,,,,,,-0.051,-0.04
,,,,,,,,,,,,,,,-0.05,0
,,,,,,,,,,,,,,,-0.049,0
,,,,,,,,,,,,,,,-0.048,0
,,,,,,,,,,,,,,,-0.047,0
,,,,,,,,,,,,,,,-0.046,-0.04
,,,,,,,,,,,,,,,-0.045,0
,,,,,,,,,,,,,,,-0.044,0
,,,,,,,,,,,,,,,-0.043,0
,,,,,,,,,,,,,,,-0.042,0
,,,,,,,,,,,,,,,-0.041,0
,,,,,,,,,,,,,,,-0.04,0
,,,,,,,,,,,,,,,-0.039,-0.04
,,,,,,,,,,,,,,,-0.038,0
,,,,,,,,,,,,,,,-0.037,0
,,,,,,,,,,,,,,,-0.036,-0.04
,,,,,,,,,,,,,,,-0.035,0
,,,,,,,,,,,,,,,-0.034,-0.04
,,,,,,,,,,,,,,,-0.033,-0.04
,,,,,,,,,,,,,,,-0.032,0
,,,,,,,,,,,,,,,-0.031,-0.04
,,,,,,,,,,,,,,,-0.03,0
,,,,,,,,,,,,,,,-0.029,0
,,,,,,,,,,,,,,,-0.028,-0.04
,,,,,,,,,,,,,,,-0.027,-0.04
,,,,,,,,,,,,,,,-0.026,-0.04
,,,,,,,,,,,,,,,-0.025,0
,,,,,,,,,,,,,,,-0.024,0
,,,,,,,,,,,,,,,-0.023,-0.04
,,,,,,,,,,,,,,,-0.022,-0.04
,,,,,,,,,,,,,,,-0.021,0
,,,,,,,,,,,,,,,-0.02,0
,,,,,,,,,,,,,,,-0.019,-0.04
,,,,,,,,,,,,,,,-0.018,0
,,,,,,,,,,,,,,,-0.017,-0.04
,,,,,,,,,,,,,,,-0.016,-0.04
,,,,,,,,,,,,,,,-0.015,0
,,,,,,,,,,,,,,,-0.014,0
,,,,,,,,,,,,,,,-0.013,-0.04
,,,,,,,,,,,,,,,-0.012,-0.04
,,,,,,,,,,,,,,,-0.011,-0.04
,,,,,,,,,,,,,,,-0.01,-0.04
,,,,,,,,,,,,,,,-0.009,0
,,,,,,,,,,,,,,,-0.008,0
,,,,,,,,,,,,,,,-0.007,0
,,,,,,,,,,,,,,,-0.006,-0.04
,,,,,,,,,,,,,,,-0.005,0
,,,,,,,,,,,,,,,-0.004,0
,,,,,,,,,,,,,,,-0.003,0
,,,,,,,,,,,,,,,-0.002,0
,,,,,,,,,,,,,,,-0.001,-0.04
,,,,,,,,,,,,,,,0,-0.04
,,,,,,,,,,,,,,,0.001,0
,,,,,,,,,,,,,,,0.002,0
,,,,,,,,,,,,,,,0.003,0
,,,,,,,,,,,,,,,0.004,0
,,,,,,,,,,,,,,,0.005,-0.04
,,,,,,,,,,,,,,,0.006,-0.04
,,,,,,,,,,,,,,,0.007,-0.04
,,,,,,,,,,,,,,,0.008,0
,,,,,,,,,,,,,,,0.009,0
,,,,,,,,,,,,,,,0.01,0
,,,,,,,,,,,,,,,0.011,-0.04
,,,,,,,,,,,,,,,0.012,-0.04
,,,,,,,,,,,,,,,0.013,0
,,,,,,,,,,,,,,,0.014,0
,,,,,,,,,,,,,,,0.015,0
,,,,,,,,,,,,,,,0.016,-0.04
,,,,,,,,,,,,,,,0.017,0
,,,,,,,,,,,,,,,0.018,0
,,,,,,,,,,,,,,,0.019,0
,,,,,,,,,,,,,,,0.02,-0.04
,,,,,,,,,,,,,,,0.021,0
,,,,,,,,,,,,,,,0.022,0
,,,,,,,,,,,,,,,0.023,-0.04
,,,,,,,,,,,,,,,0.024,0
,,,,,,,,,,,,,,,0.025,-0.04
,,,,,,,,,,,,,,,0.026,0
,,,,,,,,,,,,,,,0.027,-0.04
,,,,,,,,,,,,,,,0.028,0
,,,,,,,,,,,,,,,0.029,0
,,,,,,,,,,,,,,,0.03,0
,,,,,,,,,,,,,,,0.031,0
,,,,,,,,,,,,,,,0.032,-0.04
,,,,,,,,,,,,,,,0.033,0
,,,,,,,,,,,,,,,0.034,-0.04
,,,,,,,,,,,,,,,0.035,-0.04
,,,,,,,,,,,,,,,0.036,-0.04
,,,,,,,,,,,,,,,0.037,0
,,,,,,,,,,,,,,,0.038,0
,,,,,,,,,,,,,,,0.039,0
,,,,,,,,,,,,,,,0.04,-0.04
,,,,,,,,,,,,,,,0.041,-0.04
,,,,,,,,,,,,,,,0.042,0
,,,,,,,,,,,,,,,0.043,0
,,,,,,,,,,,,,,,0.044,-0.04
,,,,,,,,,,,,,,,0.045,0
,,,,,,,,,,,,,,,0.046,0
,,,,,,,,,,,,,,,0.047,-0.04
,,,,,,,,,,,,,,,0.048,0
,,,,,,,,,,,,,,,0.049,0
,,,,,,,,,,,,,,,0.05,0
,,,,,,,,,,,,,,,0.051,0
,,,,,,,,,,,,,,,0.052,-0.04
,,,,,,,,,,,,,,,0.053,0
,,,,,,,,,,,,,,,0.054,0
,,,,,,,,,,,,,,,0.055,0
,,,,,,,,,,,,,,,0.056,0
,,,,,,,,,,,,,,,0.057,0
,,,,,,,,,,,,,,,0.058,0
,,,,,,,,,,,,,,,0.059,-0.04
,,,,,,,,,,,,,,,0.06,0
,,,,,,,,,,,,,,,0.061,0
,,,,,,,,,,,,,,,0.062,0
,,,,,,,,,,,,,,,0.063,0
,,,,,,,,,,,,,,,0.064,0
,,,,,,,,,,,,,,,0.065,-0.04
,,,,,,,,,,,,,,,0.066,0
,,,,,,,,,,,,,,,0.067,0
,,,,,,,,,,,,,,,0.068,0
,,,,,,,,,,,,,,,0.069,-0.04
,,,,,,,,,,,,,,,0.07,0
,,,,,,,,,,,,,,,0.071,0
,,,,,,,,,,,,,,,0.072,0
,,,,,,,,,,,,,,,0.073,0
,,,,,,,,,,,,,,,0.074,0
,,,,,,,,,,,,,,,0.075,0
,,,,,,,,,,,,,,,0.076,0
,,,,,,,,,,,,,,,0.077,0
,,,,,,,,,,,,,,,0.078,0
,,,,,,,,,,,,,,,0.079,0
,,,,,,,,,,,,,,,0.08,0
,,,,,,,,,,,,,,,0.081,0
,,,,,,,,,,,,,,,0.082,0
,,,,,,,,,,,,,,,0.083,0
,,,,,,,,,,,,,,,0.084,0.04
,,,,,,,,,,,,,,,0.085,0
,,,,,,,,,,,,,,,0.086,0
,,,,,,,,,,,,,,,0.087,0
,,,,,,,,,,,,,,,0.088,0.04
,,,,,,,,,,,,,,,0.089,0
,,,,,,,,,,,,,,,0.09,0
,,,,,,,,,,,,,,,0.091,0
,,,,,,,,,,,,,,,0.092,0
,,,,,,,,,,,,,,,0.093,0
,,,,,,,,,,,,,,,0.094,0
,,,,,,,,,,,,,,,0.095,0.04
,,,,,,,,,,,,,,,0.096,0.04
,,,,,,,,,,,,,,,0.097,0
,,,,,,,,,,,,,,,0.098,0.04
,,,,,,,,,,,,,,,0.099,0.04
,,,,,,,,,,,,,,,0.1,0.04
,,,,,,,,,,,,,,,0.101,0.04
,,,,,,,,,,,,,,,0.102,0.04
,,,,,,,,,,,,,,,0.103,0.08
,,,,,,,,,,,,,,,0.104,0.08
,,,,,,,,,,,,,,,0.105,0.08
,,,,,,,,,,,,,,,0.106,0.08
,,,,,,,,,,,,,,,0.107,0.08
,,,,,,,,,,,,,,,0.108,0.08
,,,,,,,,,,,,,,,0.109,0.04
,,,,,,,,,,,,,,,0.11,0.08
,,,,,,,,,,,,,,,0.111,0.08
,,,,,,,,,,,,,,,0.112,0.12
,,,,,,,,,,,,,,,0.113,0.08
,,,,,,,,,,,,,,,0.114,0.12
,,,,,,,,,,,,,,,0.115,0.12
,,,,,,,,,,,,,,,0.116,0.08
,,,,,,,,,,,,,,,0.117,0.12
,,,,,,,,,,,,,,,0.118,0.12
,,,,,,,,,,,,,,,0.119,0.12
,,,,,,,,,,,,,,,0.12,0.12
,,,,,,,,,,,,,,,0.121,0.12
,,,,,,,,,,,,,,,0.122,0.12
,,,,,,,,,,,,,,,0.123,0.12
,,,,,,,,,,,,,,,0.124,0.12
,,,,,,,,,,,,,,,0.125,0.16
,,,,,,,,,,,,,,,0.126,0.16
,,,,,,,,,,,,,,,0.127,0.16
,,,,,,,,,,,,,,,0.128,0.16
,,,,,,,,,,,,,,,0.129,0.16
,,,,,,,,,,,,,,,0.13,0.16
,,,,,,,,,,,,,,,0.131,0.2
,,,,,,,,,,,,,,,0.132,0.2
,,,,,,,,,,,,,,,0.133,0.16
,,,,,,,,,,,,,,,0.134,0.2
,,,,,,,,,,,,,,,0.135,0.2
,,,,,,,,,,,,,,,0.136,0.2
,,,,,,,,,,,,,,,0.137,0.24
,,,,,,,,,,,,,,,0.138,0.24
,,,,,,,,,,,,,,,0.139,0.24
,,,,,,,,,,,,,,,0.14,0.24
,,,,,,,,,,,,,,,0.141,0.24
,,,,,,,,,,,,,,,0.142,0.24
,,,,,,,,,,,,,,,0.143,0.24
,,,,,,,,,,,,,,,0.144,0.28
,,,,,,,,,,,,,,,0.145,0.28
,,,,,,,,,,,,,,,0.146,0.28
,,,,,,,,,,,,,,,0.147,0.32
,,,,,,,,,,,,,,,0.148,0.28
,,,,,,,,,,,,,,,0.149,0.28
,,,,,,,,,,,,,,,0.15,0.32
,,,,,,,,,,,,,,,0.151,0.28
,,,,,,,,,,,,,,,0.152,0.32
,,,,,,,,,,,,,,,0.153,0.32
,,,,,,,,,,,,,,,0.154,0.32
,,,,,,,,,,,,,,,0.155,0.32
,,,,,,,,,,,,,,,0.156,0.36
,,,,,,,,,,,,,,,0.157,0.36
,,,,,,,,,,,,,,,0.158,0.36
,,,,,,,,,,,,,,,0.159,0.36
,,,,,,,,,,,,,,,0.16,0.4
,,,,,,,,,,,,,,,0.161,0.4
,,,,,,,,,,,,,,,0.162,0.4
,,,,,,,,,,,,,,,0.163,0.4
,,,,,,,,,,,,,,,0.164,0.44
,,,,,,,,,,,,,,,0.165,0.44
,,,,,,,,,,,,,,,0.166,0.44
,,,,,,,,,,,,,,,0.167,0.44
,,,,,,,,,,,,,,,0.168,0.44
,,,,,,,,,,,,,,,0.169,0.44
,,,,,,,,,,,,,,,0.17,0.48
,,,,,,,,,,,,,,,0.171,0.52
,,,,,,,,,,,,,,,0.172,0.52
,,,,,,,,,,,,,,,0.173,0.52
,,,,,,,,,,,,,,,0.174,0.52
,,,,,,,,,,,,,,,0.175,0.52
,,,,,,,,,,,,,,,0.176,0.52
,,,,,,,,,,,,,,,0.177,0.56
,,,,,,,,,,,,,,,0.178,0.56
,,,,,,,,,,,,,,,0.179,0.56
,,,,,,,,,,,,,,,0.18,0.6
,,,,,,,,,,,,,,,0.181,0.6
,,,,,,,,,,,,,,,0.182,0.6
,,,,,,,,,,,,,,,0.183,0.64
,,,,,,,,,,,,,,,0.184,0.64
,,,,,,,,,,,,,,,0.185,0.64
,,,,,,,,,,,,,,,0.186,0.64
,,,,,,,,,,,,,,,0.187,0.64
,,,,,,,,,,,,,,,0.188,0.68
,,,,,,,,,,,,,,,0.189,0.72
,,,,,,,,,,,,,,,0.19,0.72
,,,,,,,,,,,,,,,0.191,0.76
,,,,,,,,,,,,,,,0.192,0.76
,,,,,,,,,,,,,,,0.193,0.76
,,,,,,,,,,,,,,,0.194,0.76
,,,,,,,,,,,,,,,0.195,0.76
,,,,,,,,,,,,,,,0.196,0.76
,,,,,,,,,,,,,,,0.197,0.76
,,,,,,,,,,,,,,,0.198,0.8
,,,,,,,,,,,,,,,0.199,0.84
,,,,,,,,,,,,,,,0.2,0.84
,,,,,,,,,,,,,,,0.201,0.88
,,,,,,,,,,,,,,,0.202,0.88
,,,,,,,,,,,,,,,0.203,0.88
,,,,,,,,,,,,,,,0.204,0.92
,,,,,,,,,,,,,,,0.205,0.92
,,,,,,,,,,,,,,,0.206,0.92
,,,,,,,,,,,,,,,0.207,0.96
,,,,,,,,,,,,,,,0.208,0.96
,,,,,,,,,,,,,,,0.209,0.96
,,,,,,,,,,,,,,,0.21,0.96
,,,,,,,,,,,,,,,0.211,1
,,,,,,,,,,,,,,,0.212,1
,,,,,,,,,,,,,,,0.213,1
,,,,,,,,,,,,,,,0.214,1.04
,,,,,,,,,,,,,,,0.215,1.04
,,,,,,,,,,,,,,,0.216,1.04
,,,,,,,,,,,,,,,0.217,1.08
,,,,,,,,,,,,,,,0.218,1.08
,,,,,,,,,,,,,,,0.219,1.08
,,,,,,,,,,,,,,,0.22,1.08
,,,,,,,,,,,,,,,0.221,1.08
,,,,,,,,,,,,,,,0.222,1.16
,,,,,,,,,,,,,,,0.223,1.12
,,,,,,,,,,,,,,,0.224,1.16
,,,,,,,,,,,,,,,0.225,1.16
,,,,,,,,,,,,,,,0.226,1.16
,,,,,,,,,,,,,,,0.227,1.2
,,,,,,,,,,,,,,,0.228,1.2
,,,,,,,,,,,,,,,0.229,1.2
,,,,,,,,,,,,,,,0.23,1.24
,,,,,,,,,,,,,,,0.231,1.24
,,,,,,,,,,,,,,,0.232,1.28
,,,,,,,,,,,,,,,0.233,1.28
,,,,,,,,,,,,,,,0.234,1.28
,,,,,,,,,,,,,,,0.235,1.28
,,,,,,,,,,,,,,,0.236,1.32
,,,,,,,,,,,,,,,0.237,1.32
,,,,,,,,,,,,,,,0.238,1.36
,,,,,,,,,,,,,,,0.239,1.36
,,,,,,,,,,,,,,,0.24,1.4
,,,,,,,,,,,,,,,0.241,1.4
,,,,,,,,,,,,,,,0.242,1.4
,,,,,,,,,,,,,,,0.243,1.4
,,,,,,,,,,,,,,,0.244,1.44
,,,,,,,,,,,,,,,0.245,1.44
,,,,,,,,,,,,,,,0.246,1.48
,,,,,,,,,,,,,,,0.247,1.48
,,,,,,,,,,,,,,,0.248,1.48
,,,,,,,,,,,,,,,0.249,1.48
,,,,,,,,,,,,,,,0.25,1.52
,,,,,,,,,,,,,,,0.251,1.52
,,,,,,,,,,,,,,,0.252,1.56
,,,,,,,,,,,,,,,0.253,1.56
,,,,,,,,,,,,,,,0.254,1.56
,,,,,,,,,,,,,,,0.255,1.6
,,,,,,,,,,,,,,,0.256,1.6
,,,,,,,,,,,,,,,0.257,1.64
,,,,,,,,,,,,,,,0.258,1.68
,,,,,,,,,,,,,,,0.259,1.64
,,,,,,,,,,,,,,,0.26,1.68
,,,,,,,,,,,,,,,0.261,1.68
,,,,,,,,,,,,,,,0.262,1.72
,,,,,,,,,,,,,,,0.263,1.72
,,,,,,,,,,,,,,,0.264,1.76
,,,,,,,,,,,,,,,0.265,1.76
,,,,,,,,,,,,,,,0.266,1.76
,,,,,,,,,,,,,,,0.267,1.76
,,,,,,,,,,,,,,,0.268,1.8
,,,,,,,,,,,,,,,0.269,1.8
,,,,,,,,,,,,,,,0.27,1.84
,,,,,,,,,,,,,,,0.271,1.84
,,,,,,,,,,,,,,,0.272,1.84
,,,,,,,,,,,,,,,0.273,1.88
,,,,,,,,,,,,,,,0.274,1.88
,,,,,,,,,,,,,,,0.275,1.88
,,,,,,,,,,,,,,,0.276,1.92
,,,,,,,,,,,,,,,0.277,1.92
,,,,,,,,,,,,,,,0.278,1.92
,,,,,,,,,,,,,,,0.279,1.96
,,,,,,,,,,,,,,,0.28,1.96
,,,,,,,,,,,,,,,0.281,1.96
,,,,,,,,,,,,,,,0.282,2.04
,,,,,,,,,,,,,,,0.283,2
,,,,,,,,,,,,,,,0.284,2.04
,,,,,,,,,,,,,,,0.285,2.04
,,,,,,,,,,,,,,,0.286,2.08
,,,,,,,,,,,,,,,0.287,2.08
,,,,,,,,,,,,,,,0.288,2.08
,,,,,,,,,,,,,,,0.289,2.12
,,,,,,,,,,,,,,,0.29,2.16
,,,,,,,,,,,,,,,0.291,2.16
,,,,,,,,,,,,,,,0.292,2.16
,,,,,,,,,,,,,,,0.293,2.16
,,,,,,,,,,,,,,,0.294,2.2
,,,,,,,,,,,,,,,0.295,2.2
,,,,,,,,,,,,,,,0.296,2.16
,,,,,,,,,,,,,,,0.297,2.2
,,,,,,,,,,,,,,,0.298,2.2
,,,,,,,,,,,,,,,0.299,2.24
,,,,,,,,,,,,,,,0.3,2.28
,,,,,,,,,,,,,,,0.301,2.28
,,,,,,,,,,,,,,,0.302,2.28
,,,,,,,,,,,,,,,0.303,2.32
,,,,,,,,,,,,,,,0.304,2.32
,,,,,,,,,,,,,,,0.305,2.32
,,,,,,,,,,,,,,,0.306,2.36
,,,,,,,,,,,,,,,0.307,2.36
,,,,,,,,,,,,,,,0.308,2.4
,,,,,,,,,,,,,,,0.309,2.4
,,,,,,,,,,,,,,,0.31,2.4
,,,,,,,,,,,,,,,0.311,2.4
,,,,,,,,,,,,,,,0.312,2.44
,,,,,,,,,,,,,,,0.313,2.48
,,,,,,,,,,,,,,,0.314,2.44
,,,,,,,,,,,,,,,0.315,2.52
,,,,,,,,,,,,,,,0.316,2.48
,,,,,,,,,,,,,,,0.317,2.48
,,,,,,,,,,,,,,,0.318,2.52
,,,,,,,,,,,,,,,0.319,2.52
,,,,,,,,,,,,,,,0.32,2.56
,,,,,,,,,,,,,,,0.321,2.56
,,,,,,,,,,,,,,,0.322,2.64
,,,,,,,,,,,,,,,0.323,2.64
,,,,,,,,,,,,,,,0.324,2.6
,,,,,,,,,,,,,,,0.325,2.6
,,,,,,,,,,,,,,,0.326,2.64
,,,,,,,,,,,,,,,0.327,2.64
,,,,,,,,,,,,,,,0.328,2.64
,,,,,,,,,,,,,,,0.329,2.72
,,,,,,,,,,,,,,,0.33,2.68
,,,,,,,,,,,,,,,0.331,2.72
,,,,,,,,,,,,,,,0.332,2.72
,,,,,,,,,,,,,,,0.333,2.76
,,,,,,,,,,,,,,,0.334,2.76
,,,,,,,,,,,,,,,0.335,2.76
,,,,,,,,,,,,,,,0.336,2.76
,,,,,,,,,,,,,,,0.337,2.8
,,,,,,,,,,,,,,,0.338,2.8
,,,,,,,,,,,,,,,0.339,2.8
,,,,,,,,,,,,,,,0.34,2.84
,,,,,,,,,,,,,,,0.341,2.84
,,,,,,,,,,,,,,,0.342,2.84
,,,,,,,,,,,,,,,0.343,2.88
,,,,,,,,,,,,,,,0.344,2.84
,,,,,,,,,,,,,,,0.345,2.88
,,,,,,,,,,,,,,,0.346,2.92
,,,,,,,,,,,,,,,0.347,2.92
,,,,,,,,,,,,,,,0.348,2.92
,,,,,,,,,,,,,,,0.349,2.92
,,,,,,,,,,,,,,,0.35,2.96
,,,,,,,,,,,,,,,0.351,2.96
,,,,,,,,,,,,,,,0.352,2.96
,,,,,,,,,,,,,,,0.353,3
,,,,,,,,,,,,,,,0.354,3
,,,,,,,,,,,,,,,0.355,3
,,,,,,,,,,,,,,,0.356,3.04
,,,,,,,,,,,,,,,0.357,3
,,,,,,,,,,,,,,,0.358,3.04
,,,,,,,,,,,,,,,0.359,3.04
,,,,,,,,,,,,,,,0.36,3.08
,,,,,,,,,,,,,,,0.361,3.08
,,,,,,,,,,,,,,,0.362,3.08
,,,,,,,,,,,,,,,0.363,3.12
,,,,,,,,,,,,,,,0.364,3.12
,,,,,,,,,,,,,,,0.365,3.16
,,,,,,,,,,,,,,,0.366,3.16
,,,,,,,,,,,,,,,0.367,3.2
,,,,,,,,,,,,,,,0.368,3.2
,,,,,,,,,,,,,,,0.369,3.24
,,,,,,,,,,,,,,,0.37,3.2
,,,,,,,,,,,,,,,0.371,3.2
,,,,,,,,,,,,,,,0.372,3.24
,,,,,,,,,,,,,,,0.373,3.24
,,,,,,,,,,,,,,,0.374,3.24
,,,,,,,,,,,,,,,0.375,3.24
,,,,,,,,,,,,,,,0.376,3.28
,,,,,,,,,,,,,,,0.377,3.28
,,,,,,,,,,,,,,,0.378,3.32
,,,,,,,,,,,,,,,0.379,3.32
,,,,,,,,,,,,,,,0.38,3.32
,,,,,,,,,,,,,,,0.381,3.32
,,,,,,,,,,,,,,,0.382,3.36
,,,,,,,,,,,,,,,0.383,3.36
,,,,,,,,,,,,,,,0.384,3.36
,,,,,,,,,,,,,,,0.385,3.4
,,,,,,,,,,,,,,,0.386,3.4
,,,,,,,,,,,,,,,0.387,3.4
,,,,,,,,,,,,,,,0.388,3.4
,,,,,,,,,,,,,,,0.389,3.4
,,,,,,,,,,,,,,,0.39,3.44
,,,,,,,,,,,,,,,0.391,3.44
,,,,,,,,,,,,,,,0.392,3.44
,,,,,,,,,,,,,,,0.393,3.44
,,,,,,,,,,,,,,,0.394,3.48
,,,,,,,,,,,,,,,0.395,3.48
,,,,,,,,,,,,,,,0.396,3.52
,,,,,,,,,,,,,,,0.397,3.48
,,,,,,,,,,,,,,,0.398,3.52
,,,,,,,,,,,,,,,0.399,3.52
,,,,,,,,,,,,,,,0.4,3.56
,,,,,,,,,,,,,,,0.401,3.56
,,,,,,,,,,,,,,,0.402,3.56
,,,,,,,,,,,,,,,0.403,3.56
,,,,,,,,,,,,,,,0.404,3.6
,,,,,,,,,,,,,,,0.405,3.6
,,,,,,,,,,,,,,,0.406,3.64
,,,,,,,,,,,,,,,0.407,3.64
,,,,,,,,,,,,,,,0.408,3.64
,,,,,,,,,,,,,,,0.409,3.64
,,,,,,,,,,,,,,,0.41,3.68
,,,,,,,,,,,,,,,0.411,3.64
,,,,,,,,,,,,,,,0.412,3.68
,,,,,,,,,,,,,,,0.413,3.68
,,,,,,,,,,,,,,,0.414,3.68
,,,,,,,,,,,,,,,0.415,3.76
,,,,,,,,,,,,,,,0.416,3.72
,,,,,,,,,,,,,,,0.417,3.76
,,,,,,,,,,,,,,,0.418,3.76
,,,,,,,,,,,,,,,0.419,3.76
,,,,,,,,,,,,,,,0.42,3.8
,,,,,,,,,,,,,,,0.421,3.76
,,,,,,,,,,,,,,,0.422,3.8
,,,,,,,,,,,,,,,0.423,3.8
,,,,,,,,,,,,,,,0.424,3.8
,,,,,,,,,,,,,,,0.425,3.84
,,,,,,,,,,,,,,,0.426,3.84
,,,,,,,,,,,,,,,0.427,3.88
,,,,,,,,,,,,,,,0.428,3.88
,,,,,,,,,,,,,,,0.429,3.88
,,,,,,,,,,,,,,,0.43,3.88
,,,,,,,,,,,,,,,0.431,3.88
,,,,,,,,,,,,,,,0.432,3.92
,,,,,,,,,,,,,,,0.433,3.92
,,,,,,,,,,,,,,,0.434,3.88
,,,,,,,,,,,,,,,0.435,3.96
,,,,,,,,,,,,,,,0.436,3.92
,,,,,,,,,,,,,,,0.437,3.92
,,,,,,,,,,,,,,,0.438,3.96
,,,,,,,,,,,,,,,0.439,3.96
,,,,,,,,,,,,,,,0.44,3.96
,,,,,,,,,,,,,,,0.441,3.96
,,,,,,,,,,,,,,,0.442,3.96
,,,,,,,,,,,,,,,0.443,4
,,,,,,,,,,,,,,,0.444,4.04
,,,,,,,,,,,,,,,0.445,4.08
,,,,,,,,,,,,,,,0.446,4.04
,,,,,,,,,,,,,,,0.447,4.08
,,,,,,,,,,,,,,,0.448,4.08
,,,,,,,,,,,,,,,0.449,4.08
,,,,,,,,,,,,,,,0.45,4.12
,,,,,,,,,,,,,,,0.451,4.12
,,,,,,,,,,,,,,,0.452,4.12
,,,,,,,,,,,,,,,0.453,4.12
,,,,,,,,,,,,,,,0.454,4.16
,,,,,,,,,,,,,,,0.455,4.12
,,,,,,,,,,,,,,,0.456,4.16
,,,,,,,,,,,,,,,0.457,4.16
,,,,,,,,,,,,,,,0.458,4.16
,,,,,,,,,,,,,,,0.459,4.16
,,,,,,,,,,,,,,,0.46,4.2
,,,,,,,,,,,,,,,0.461,4.16
,,,,,,,,,,,,,,,0.462,4.2
,,,,,,,,,,,,,,,0.463,4.2
,,,,,,,,,,,,,,,0.464,4.2
,,,,,,,,,,,,,,,0.465,4.24
,,,,,,,,,,,,,,,0.466,4.24
,,,,,,,,,,,,,,,0.467,4.24
,,,,,,,,,,,,,,,0.468,4.28
,,,,,,,,,,,,,,,0.469,4.28
,,,,,,,,,,,,,,,0.47,4.28
,,,,,,,,,,,,,,,0.471,4.28
,,,,,,,,,,,,,,,0.472,4.28
,,,,,,,,,,,,,,,0.473,4.32
,,,,,,,,,,,,,,,0.474,4.32
,,,,,,,,,,,,,,,0.475,4.32
,,,,,,,,,,,,,,,0.476,4.32
,,,,,,,,,,,,,,,0.477,4.32
,,,,,,,,,,,,,,,0.478,4.32
,,,,,,,,,,,,,,,0.479,4.36
,,,,,,,,,,,,,,,0.48,4.36
,,,,,,,,,,,,,,,0.481,4.36
,,,,,,,,,,,,,,,0.482,4.36
,,,,,,,,,,,,,,,0.483,4.4
,,,,,,,,,,,,,,,0.484,4.4
,,,,,,,,,,,,,,,0.485,4.4
,,,,,,,,,,,,,,,0.486,4.44
,,,,,,,,,,,,,,,0.487,4.4
,,,,,,,,,,,,,,,0.488,4.48
,,,,,,,,,,,,,,,0.489,4.44
,,,,,,,,,,,,,,,0.49,4.48
,,,,,,,,,,,,,,,0.491,4.48
,,,,,,,,,,,,,,,0.492,4.48
,,,,,,,,,,,,,,,0.493,4.48
,,,,,,,,,,,,,,,0.494,4.52
,,,,,,,,,,,,,,,0.495,4.52
,,,,,,,,,,,,,,,0.496,4.52
,,,,,,,,,,,,,,,0.497,4.48
,,,,,,,,,,,,,,,0.498,4.48
,,,,,,,,,,,,,,,0.499,4.48
,,,,,,,,,,,,,,,0.5,4.48
,,,,,,,,,,,,,,,0.501,4.48
,,,,,,,,,,,,,,,0.502,4.52
,,,,,,,,,,,,,,,0.503,4.52
,,,,,,,,,,,,,,,0.504,4.52
,,,,,,,,,,,,,,,0.505,4.52
,,,,,,,,,,,,,,,0.506,4.56
,,,,,,,,,,,,,,,0.507,4.6
,,,,,,,,,,,,,,,0.508,4.56
,,,,,,,,,,,,,,,0.509,4.56
,,,,,,,,,,,,,,,0.51,4.56
,,,,,,,,,,,,,,,0.511,4.6
,,,,,,,,,,,,,,,0.512,4.6
,,,,,,,,,,,,,,,0.513,4.6
,,,,,,,,,,,,,,,0.514,4.6
,,,,,,,,,,,,,,,0.515,4.64
,,,,,,,,,,,,,,,0.516,4.6
,,,,,,,,,,,,,,,0.517,4.64
,,,,,,,,,,,,,,,0.518,4.6
,,,,,,,,,,,,,,,0.519,4.64
,,,,,,,,,,,,,,,0.52,4.68
,,,,,,,,,,,,,,,0.521,4.64
,,,,,,,,,,,,,,,0.522,4.64
,,,,,,,,,,,,,,,0.523,4.68
,,,,,,,,,,,,,,,0.524,4.68
,,,,,,,,,,,,,,,0.525,4.68
,,,,,,,,,,,,,,,0.526,4.72
,,,,,,,,,,,,,,,0.527,4.72
,,,,,,,,,,,,,,,0.528,4.72
,,,,,,,,,,,,,,,0.529,4.76
,,,,,,,,,,,,,,,0.53,4.72
,,,,,,,,,,,,,,,0.531,4.76
,,,,,,,,,,,,,,,0.532,4.76
,,,,,,,,,,,,,,,0.533,4.8
,,,,,,,,,,,,,,,0.534,4.76
,,,,,,,,,,,,,,,0.535,4.8
,,,,,,,,,,,,,,,0.536,4.76
,,,,,,,,,,,,,,,0.537,4.76
,,,,,,,,,,,,,,,0.538,4.8
,,,,,,,,,,,,,,,0.539,4.76
,,,,,,,,,,,,,,,0.54,4.8
,,,,,,,,,,,,,,,0.541,4.8
,,,,,,,,,,,,,,,0.542,4.8
,,,,,,,,,,,,,,,0.543,4.8
,,,,,,,,,,,,,,,0.544,4.8
,,,,,,,,,,,,,,,0.545,4.8
,,,,,,,,,,,,,,,0.546,4.84
,,,,,,,,,,,,,,,0.547,4.84
,,,,,,,,,,,,,,,0.548,4.84
,,,,,,,,,,,,,,,0.549,4.84
,,,,,,,,,,,,,,,0.55,4.84
,,,,,,,,,,,,,,,0.551,4.84
,,,,,,,,,,,,,,,0.552,4.84
,,,,,,,,,,,,,,,0.553,4.84
,,,,,,,,,,,,,,,0.554,4.84
,,,,,,,,,,,,,,,0.555,4.88
,,,,,,,,,,,,,,,0.556,4.84
,,,,,,,,,,,,,,,0.557,4.88
,,,,,,,,,,,,,,,0.558,4.92
,,,,,,,,,,,,,,,0.559,4.88
,,,,,,,,,,,,,,,0.56,4.92
,,,,,,,,,,,,,,,0.561,4.92
,,,,,,,,,,,,,,,0.562,4.92
,,,,,,,,,,,,,,,0.563,4.92
,,,,,,,,,,,,,,,0.564,4.92
,,,,,,,,,,,,,,,0.565,4.92
,,,,,,,,,,,,,,,0.566,4.92
,,,,,,,,,,,,,,,0.567,4.96
,,,,,,,,,,,,,,,0.568,4.92
,,,,,,,,,,,,,,,0.569,4.96
,,,,,,,,,,,,,,,0.57,4.96
,,,,,,,,,,,,,,,0.571,4.96
,,,,,,,,,,,,,,,0.572,4.96
,,,,,,,,,,,,,,,0.573,5
,,,,,,,,,,,,,,,0.574,4.96
,,,,,,,,,,,,,,,0.575,5
,,,,,,,,,,,,,,,0.576,5
,,,,,,,,,,,,,,,0.577,5
,,,,,,,,,,,,,,,0.578,5
,,,,,,,,,,,,,,,0.579,5
,,,,,,,,,,,,,,,0.58,5
,,,,,,,,,,,,,,,0.581,5
,,,,,,,,,,,,,,,0.582,5.04
,,,,,,,,,,,,,,,0.583,5.04
,,,,,,,,,,,,,,,0.584,5.04
,,,,,,,,,,,,,,,0.585,5.04
,,,,,,,,,,,,,,,0.586,5.04
,,,,,,,,,,,,,,,0.587,5.08
,,,,,,,,,,,,,,,0.588,5.04
,,,,,,,,,,,,,,,0.589,5.08
,,,,,,,,,,,,,,,0.59,5.08
,,,,,,,,,,,,,,,0.591,5.08
,,,,,,,,,,,,,,,0.592,5.08
,,,,,,,,,,,,,,,0.593,5.08
,,,,,,,,,,,,,,,0.594,5.08
,,,,,,,,,,,,,,,0.595,5.08
,,,,,,,,,,,,,,,0.596,5.08
,,,,,,,,,,,,,,,0.597,5.12
,,,,,,,,,,,,,,,0.598,5.12
,,,,,,,,,,,,,,,0.599,5.12
,,,,,,,,,,,,,,,0.6,5.12
,,,,,,,,,,,,,,,0.601,5.12
,,,,,,,,,,,,,,,0.602,5.12
,,,,,,,,,,,,,,,0.603,5.12
,,,,,,,,,,,,,,,0.604,5.16
,,,,,,,,,,,,,,,0.605,5.12
,,,,,,,,,,,,,,,0.606,5.16
,,,,,,,,,,,,,,,0.607,5.16
,,,,,,,,,,,,,,,0.608,5.16
,,,,,,,,,,,,,,,0.609,5.2
,,,,,,,,,,,,,,,0.61,5.2
,,,,,,,,,,,,,,,0.611,5.2
,,,,,,,,,,,,,,,0.612,5.2
,,,,,,,,,,,,,,,0.613,5.2
,,,,,,,,,,,,,,,0.614,5.2
,,,,,,,,,,,,,,,0.615,5.2
,,,,,,,,,,,,,,,0.616,5.2
,,,,,,,,,,,,,,,0.617,5.24
,,,,,,,,,,,,,,,0.618,5.2
,,,,,,,,,,,,,,,0.619,5.2
,,,,,,,,,,,,,,,0.62,5.2
,,,,,,,,,,,,,,,0.621,5.2
,,,,,,,,,,,,,,,0.622,5.24
,,,,,,,,,,,,,,,0.623,5.24
,,,,,,,,,,,,,,,0.624,5.24
,,,,,,,,,,,,,,,0.625,5.24
,,,,,,,,,,,,,,,0.626,5.28
,,,,,,,,,,,,,,,0.627,5.24
,,,,,,,,,,,,,,,0.628,5.24
,,,,,,,,,,,,,,,0.629,5.24
,,,,,,,,,,,,,,,0.63,5.28
,,,,,,,,,,,,,,,0.631,5.28
,,,,,,,,,,,,,,,0.632,5.28
,,,,,,,,,,,,,,,0.633,5.24
,,,,,,,,,,,,,,,0.634,5.28
,,,,,,,,,,,,,,,0.635,5.28
,,,,,,,,,,,,,,,0.636,5.28
,,,,,,,,,,,,,,,0.637,5.28
,,,,,,,,,,,,,,,0.638,5.32
,,,,,,,,,,,,,,,0.639,5.32
,,,,,,,,,,,,,,,0.64,5.32
,,,,,,,,,,,,,,,0.641,5.28
,,,,,,,,,,,,,,,0.642,5.32
,,,,,,,,,,,,,,,0.643,5.32
,,,,,,,,,,,,,,,0.644,5.32
,,,,,,,,,,,,,,,0.645,5.32
,,,,,,,,,,,,,,,0.646,5.36
,,,,,,,,,,,,,,,0.647,5.36
,,,,,,,,,,,,,,,0.648,5.36
,,,,,,,,,,,,,,,0.649,5.36
,,,,,,,,,,,,,,,0.65,5.36
,,,,,,,,,,,,,,,0.651,5.32
,,,,,,,,,,,,,,,0.652,5.32
,,,,,,,,,,,,,,,0.653,5.32
,,,,,,,,,,,,,,,0.654,5.32
,,,,,,,,,,,,,,,0.655,5.36
,,,,,,,,,,,,,,,0.656,5.36
,,,,,,,,,,,,,,,0.657,5.36
,,,,,,,,,,,,,,,0.658,5.36
,,,,,,,,,,,,,,,0.659,5.36
,,,,,,,,,,,,,,,0.66,5.32
,,,,,,,,,,,,,,,0.661,5.36
,,,,,,,,,,,,,,,0.662,5.36
,,,,,,,,,,,,,,,0.663,5.4
,,,,,,,,,,,,,,,0.664,5.36
,,,,,,,,,,,,,,,0.665,5.4
,,,,,,,,,,,,,,,0.666,5.4
,,,,,,,,,,,,,,,0.667,5.44
,,,,,,,,,,,,,,,0.668,5.44
,,,,,,,,,,,,,,,0.669,5.44
,,,,,,,,,,,,,,,0.67,5.48
,,,,,,,,,,,,,,,0.671,5.48
,,,,,,,,,,,,,,,0.672,5.48
,,,,,,,,,,,,,,,0.673,5.48
,,,,,,,,,,,,,,,0.674,5.48
,,,,,,,,,,,,,,,0.675,5.48
,,,,,,,,,,,,,,,0.676,5.48
,,,,,,,,,,,,,,,0.677,5.48
,,,,,,,,,,,,,,,0.678,5.48
,,,,,,,,,,,,,,,0.679,5.48
,,,,,,,,,,,,,,,0.68,5.48
,,,,,,,,,,,,,,,0.681,5.52
,,,,,,,,,,,,,,,0.682,5.52
,,,,,,,,,,,,,,,0.683,5.48
,,,,,,,,,,,,,,,0.684,5.48
,,,,,,,,,,,,,,,0.685,5.48
,,,,,,,,,,,,,,,0.686,5.48
,,,,,,,,,,,,,,,0.687,5.48
,,,,,,,,,,,,,,,0.688,5.52
,,,,,,,,,,,,,,,0.689,5.52
,,,,,,,,,,,,,,,0.69,5.52
,,,,,,,,,,,,,,,0.691,5.52
,,,,,,,,,,,,,,,0.692,5.52
,,,,,,,,,,,,,,,0.693,5.52
,,,,,,,,,,,,,,,0.694,5.52
,,,,,,,,,,,,,,,0.695,5.52
,,,,,,,,,,,,,,,0.696,5.52
,,,,,,,,,,,,,,,0.697,5.52
,,,,,,,,,,,,,,,0.698,5.52
,,,,,,,,,,,,,,,0.699,5.52
,,,,,,,,,,,,,,,0.7,5.52
,,,,,,,,,,,,,,,0.701,5.56
,,,,,,,,,,,,,,,0.702,5.56
,,,,,,,,,,,,,,,0.703,5.56
,,,,,,,,,,,,,,,0.704,5.6
,,,,,,,,,,,,,,,0.705,5.56
,,,,,,,,,,,,,,,0.706,5.56
,,,,,,,,,,,,,,,0.707,5.6
,,,,,,,,,,,,,,,0.708,5.64
,,,,,,,,,,,,,,,0.709,5.6
,,,,,,,,,,,,,,,0.71,5.6
,,,,,,,,,,,,,,,0.711,5.6
,,,,,,,,,,,,,,,0.712,5.6
,,,,,,,,,,,,,,,0.713,5.6
,,,,,,,,,,,,,,,0.714,5.6
,,,,,,,,,,,,,,,0.715,5.56
,,,,,,,,,,,,,,,0.716,5.6
,,,,,,,,,,,,,,,0.717,5.6
,,,,,,,,,,,,,,,0.718,5.64
,,,,,,,,,,,,,,,0.719,5.6
,,,,,,,,,,,,,,,0.72,5.64
,,,,,,,,,,,,,,,0.721,5.64
,,,,,,,,,,,,,,,0.722,5.64
,,,,,,,,,,,,,,,0.723,5.64
,,,,,,,,,,,,,,,0.724,5.64
,,,,,,,,,,,,,,,0.725,5.68
,,,,,,,,,,,,,,,0.726,5.64
,,,,,,,,,,,,,,,0.727,5.64
,,,,,,,,,,,,,,,0.728,5.68
,,,,,,,,,,,,,,,0.729,5.68
,,,,,,,,,,,,,,,0.73,5.68
,,,,,,,,,,,,,,,0.731,5.68
,,,,,,,,,,,,,,,0.732,5.68
,,,,,,,,,,,,,,,0.733,5.64
,,,,,,,,,,,,,,,0.734,5.68
,,,,,,,,,,,,,,,0.735,5.68
,,,,,,,,,,,,,,,0.736,5.72
,,,,,,,,,,,,,,,0.737,5.68
,,,,,,,,,,,,,,,0.738,5.68
,,,,,,,,,,,,,,,0.739,5.72
,,,,,,,,,,,,,,,0.74,5.68
,,,,,,,,,,,,,,,0.741,5.72
,,,,,,,,,,,,,,,0.742,5.72
,,,,,,,,,,,,,,,0.743,5.72
,,,,,,,,,,,,,,,0.744,5.72
,,,,,,,,,,,,,,,0.745,5.72
,,,,,,,,,,,,,,,0.746,5.72
,,,,,,,,,,,,,,,0.747,5.72
,,,,,,,,,,,,,,,0.748,5.76
,,,,,,,,,,,,,,,0.749,5.72
,,,,,,,,,,,,,,,0.75,5.72
,,,,,,,,,,,,,,,0.751,5.76
,,,,,,,,,,,,,,,0.752,5.72
,,,,,,,,,,,,,,,0.753,5.76
,,,,,,,,,,,,,,,0.754,5.76
,,,,,,,,,,,,,,,0.755,5.72
,,,,,,,,,,,,,,,0.756,5.76
,,,,,,,,,,,,,,,0.757,5.76
,,,,,,,,,,,,,,,0.758,5.72
,,,,,,,,,,,,,,,0.759,5.76
,,,,,,,,,,,,,,,0.76,5.76
,,,,,,,,,,,,,,,0.761,5.76
,,,,,,,,,,,,,,,0.762,5.76
,,,,,,,,,,,,,,,0.763,5.76
,,,,,,,,,,,,,,,0.764,5.76
,,,,,,,,,,,,,,,0.765,5.76
,,,,,,,,,,,,,,,0.766,5.76
,,,,,,,,,,,,,,,0.767,5.76
,,,,,,,,,,,,,,,0.768,5.76
,,,,,,,,,,,,,,,0.769,5.76
,,,,,,,,,,,,,,,0.77,5.76
,,,,,,,,,,,,,,,0.771,5.76
,,,,,,,,,,,,,,,0.772,5.76
,,,,,,,,,,,,,,,0.773,5.8
,,,,,,,,,,,,,,,0.774,5.76
,,,,,,,,,,,,,,,0.775,5.76
,,,,,,,,,,,,,,,0.776,5.8
,,,,,,,,,,,,,,,0.777,5.76
,,,,,,,,,,,,,,,0.778,5.8
,,,,,,,,,,,,,,,0.779,5.84
,,,,,,,,,,,,,,,0.78,5.84
,,,,,,,,,,,,,,,0.781,5.8
,,,,,,,,,,,,,,,0.782,5.84
,,,,,,,,,,,,,,,0.783,5.84
,,,,,,,,,,,,,,,0.784,5.8
,,,,,,,,,,,,,,,0.785,5.84
,,,,,,,,,,,,,,,0.786,5.8
,,,,,,,,,,,,,,,0.787,5.8
,,,,,,,,,,,,,,,0.788,5.84
,,,,,,,,,,,,,,,0.789,5.8
,,,,,,,,,,,,,,,0.79,5.84
,,,,,,,,,,,,,,,0.791,5.84
,,,,,,,,,,,,,,,0.792,5.84
,,,,,,,,,,,,,,,0.793,5.84
,,,,,,,,,,,,,,,0.794,5.84
,,,,,,,,,,,,,,,0.795,5.84
,,,,,,,,,,,,,,,0.796,5.84
,,,,,,,,,,,,,,,0.797,5.84
,,,,,,,,,,,,,,,0.798,5.84
,,,,,,,,,,,,,,,0.799,5.84
,,,,,,,,,,,,,,,0.8,5.84
,,,,,,,,,,,,,,,0.801,5.84
,,,,,,,,,,,,,,,0.802,5.84
,,,,,,,,,,,,,,,0.803,5.8
,,,,,,,,,,,,,,,0.804,5.84
,,,,,,,,,,,,,,,0.805,5.84
,,,,,,,,,,,,,,,0.806,5.84
,,,,,,,,,,,,,,,0.807,5.88
,,,,,,,,,,,,,,,0.808,5.84
,,,,,,,,,,,,,,,0.809,5.88
,,,,,,,,,,,,,,,0.81,5.88
,,,,,,,,,,,,,,,0.811,5.88
,,,,,,,,,,,,,,,0.812,5.88
,,,,,,,,,,,,,,,0.813,5.88
,,,,,,,,,,,,,,,0.814,5.92
,,,,,,,,,,,,,,,0.815,5.88
,,,,,,,,,,,,,,,0.816,5.88
,,,,,,,,,,,,,,,0.817,5.88
,,,,,,,,,,,,,,,0.818,5.92
,,,,,,,,,,,,,,,0.819,5.92
,,,,,,,,,,,,,,,0.82,5.92
,,,,,,,,,,,,,,,0.821,5.92
,,,,,,,,,,,,,,,0.822,5.92
,,,,,,,,,,,,,,,0.823,5.88
,,,,,,,,,,,,,,,0.824,5.88
,,,,,,,,,,,,,,,0.825,5.92
,,,,,,,,,,,,,,,0.826,5.96
,,,,,,,,,,,,,,,0.827,5.92
,,,,,,,,,,,,,,,0.828,5.92
,,,,,,,,,,,,,,,0.829,5.96
,,,,,,,,,,,,,,,0.83,5.92
,,,,,,,,,,,,,,,0.831,5.92
,,,,,,,,,,,,,,,0.832,5.96
,,,,,,,,,,,,,,,0.833,5.92
,,,,,,,,,,,,,,,0.834,5.96
,,,,,,,,,,,,,,,0.835,5.92
,,,,,,,,,,,,,,,0.836,5.92
,,,,,,,,,,,,,,,0.837,5.92
,,,,,,,,,,,,,,,0.838,5.92
,,,,,,,,,,,,,,,0.839,5.92
,,,,,,,,,,,,,,,0.84,5.92
,,,,,,,,,,,,,,,0.841,5.92
,,,,,,,,,,,,,,,0.842,5.92
,,,,,,,,,,,,,,,0.843,5.92
,,,,,,,,,,,,,,,0.844,5.96
,,,,,,,,,,,,,,,0.845,5.96
,,,,,,,,,,,,,,,0.846,5.96
,,,,,,,,,,,,,,,0.847,5.96
,,,,,,,,,,,,,,,0.848,5.96
,,,,,,,,,,,,,,,0.849,5.92
,,,,,,,,,,,,,,,0.85,5.96
,,,,,,,,,,,,,,,0.851,5.96
,,,,,,,,,,,,,,,0.852,5.92
,,,,,,,,,,,,,,,0.853,5.96
,,,,,,,,,,,,,,,0.854,5.96
,,,,,,,,,,,,,,,0.855,5.96
,,,,,,,,,,,,,,,0.856,5.96
,,,,,,,,,,,,,,,0.857,6.04
,,,,,,,,,,,,,,,0.858,6
,,,,,,,,,,,,,,,0.859,5.96
,,,,,,,,,,,,,,,0.86,6
,,,,,,,,,,,,,,,0.861,6
,,,,,,,,,,,,,,,0.862,5.96
,,,,,,,,,,,,,,,0.863,5.96
,,,,,,,,,,,,,,,0.864,5.96
,,,,,,,,,,,,,,,0.865,5.96
,,,,,,,,,,,,,,,0.866,5.96
,,,,,,,,,,,,,,,0.867,5.96
,,,,,,,,,,,,,,,0.868,6
,,,,,,,,,,,,,,,0.869,6
,,,,,,,,,,,,,,,0.87,5.96
,,,,,,,,,,,,,,,0.871,6
,,,,,,,,,,,,,,,0.872,5.96
,,,,,,,,,,,,,,,0.873,6
,,,,,,,,,,,,,,,0.874,5.96
,,,,,,,,,,,,,,,0.875,5.96
,,,,,,,,,,,,,,,0.876,5.96
,,,,,,,,,,,,,,,0.877,5.96
,,,,,,,,,,,,,,,0.878,5.96
,,,,,,,,,,,,,,,0.879,5.96
,,,,,,,,,,,,,,,0.88,5.96
,,,,,,,,,,,,,,,0.881,6
,,,,,,,,,,,,,,,0.882,6
,,,,,,,,,,,,,,,0.883,5.96
,,,,,,,,,,,,,,,0.884,6
,,,,,,,,,,,,,,,0.885,6
,,,,,,,,,,,,,,,0.886,5.96
,,,,,,,,,,,,,,,0.887,6
,,,,,,,,,,,,,,,0.888,6.04
,,,,,,,,,,,,,,,0.889,6
,,,,,,,,,,,,,,,0.89,6.04
,,,,,,,,,,,,,,,0.891,6.04
,,,,,,,,,,,,,,,0.892,6
,,,,,,,,,,,,,,,0.893,6.04
,,,,,,,,,,,,,,,0.894,6.04
,,,,,,,,,,,,,,,0.895,6.04
,,,,,,,,,,,,,,,0.896,6.04
,,,,,,,,,,,,,,,0.897,6.04
,,,,,,,,,,,,,,,0.898,6
,,,,,,,,,,,,,,,0.899,6.04
,,,,,,,,,,,,,,,0.9,6
,,,,,,,,,,,,,,,0.901,6.04
,,,,,,,,,,,,,,,0.902,6
,,,,,,,,,,,,,,,0.903,6
,,,,,,,,,,,,,,,0.904,6
,,,,,,,,,,,,,,,0.905,6.04
,,,,,,,,,,,,,,,0.906,6
,,,,,,,,,,,,,,,0.907,6.04
,,,,,,,,,,,,,,,0.908,6.04
,,,,,,,,,,,,,,,0.909,6.04
,,,,,,,,,,,,,,,0.91,6.04
,,,,,,,,,,,,,,,0.911,6.08
,,,,,,,,,,,,,,,0.912,6.08
,,,,,,,,,,,,,,,0.913,6.08
,,,,,,,,,,,,,,,0.914,6.08
,,,,,,,,,,,,,,,0.915,6.04
,,,,,,,,,,,,,,,0.916,6.04
,,,,,,,,,,,,,,,0.917,6.08
,,,,,,,,,,,,,,,0.918,6.08
,,,,,,,,,,,,,,,0.919,6.04
,,,,,,,,,,,,,,,0.92,6.08
,,,,,,,,,,,,,,,0.921,6.04
,,,,,,,,,,,,,,,0.922,6.04
,,,,,,,,,,,,,,,0.923,6.08
,,,,,,,,,,,,,,,0.924,6.08
,,,,,,,,,,,,,,,0.925,6.08
,,,,,,,,,,,,,,,0.926,6.08
,,,,,,,,,,,,,,,0.927,6.08
,,,,,,,,,,,,,,,0.928,6.08
,,,,,,,,,,,,,,,0.929,6.08
,,,,,,,,,,,,,,,0.93,6.08
,,,,,,,,,,,,,,,0.931,6.08
,,,,,,,,,,,,,,,0.932,6.12
,,,,,,,,,,,,,,,0.933,6.08
,,,,,,,,,,,,,,,0.934,6.08
,,,,,,,,,,,,,,,0.935,6.08
,,,,,,,,,,,,,,,0.936,6.08
,,,,,,,,,,,,,,,0.937,6.12
,,,,,,,,,,,,,,,0.938,6.08
,,,,,,,,,,,,,,,0.939,6.08
,,,,,,,,,,,,,,,0.94,6.08
,,,,,,,,,,,,,,,0.941,6.08
,,,,,,,,,,,,,,,0.942,6.08
,,,,,,,,,,,,,,,0.943,6.08
,,,,,,,,,,,,,,,0.944,6.08
,,,,,,,,,,,,,,,0.945,6.08
,,,,,,,,,,,,,,,0.946,6.12
,,,,,,,,,,,,,,,0.947,6.12
,,,,,,,,,,,,,,,0.948,6.08
,,,,,,,,,,,,,,,0.949,6.08
,,,,,,,,,,,,,,,0.95,6.08
,,,,,,,,,,,,,,,0.951,6.08
,,,,,,,,,,,,,,,0.952,6.12
,,,,,,,,,,,,,,,0.953,6.12
,,,,,,,,,,,,,,,0.954,6.12
,,,,,,,,,,,,,,,0.955,6.12
,,,,,,,,,,,,,,,0.956,6.12
,,,,,,,,,,,,,,,0.957,6.08
,,,,,,,,,,,,,,,0.958,6.12
,,,,,,,,,,,,,,,0.959,6.08
,,,,,,,,,,,,,,,0.96,6.08
,,,,,,,,,,,,,,,0.961,6.08
,,,,,,,,,,,,,,,0.962,6.08
,,,,,,,,,,,,,,,0.963,6.08
,,,,,,,,,,,,,,,0.964,6.08
,,,,,,,,,,,,,,,0.965,6.12
,,,,,,,,,,,,,,,0.966,6.12
,,,,,,,,,,,,,,,0.967,6.12
,,,,,,,,,,,,,,,0.968,6.12
,,,,,,,,,,,,,,,0.969,6.12
,,,,,,,,,,,,,,,0.97,6.12
,,,,,,,,,,,,,,,0.971,6.16
,,,,,,,,,,,,,,,0.972,6.12
,,,,,,,,,,,,,,,0.973,6.16
,,,,,,,,,,,,,,,0.974,6.16
,,,,,,,,,,,,,,,0.975,6.16
,,,,,,,,,,,,,,,0.976,6.08
,,,,,,,,,,,,,,,0.977,6.12
,,,,,,,,,,,,,,,0.978,6.12
,,,,,,,,,,,,,,,0.979,6.08
,,,,,,,,,,,,,,,0.98,6.12
,,,,,,,,,,,,,,,0.981,6.12
,,,,,,,,,,,,,,,0.982,6.16
,,,,,,,,,,,,,,,0.983,6.12
,,,,,,,,,,,,,,,0.984,6.16
,,,,,,,,,,,,,,,0.985,6.12
,,,,,,,,,,,,,,,0.986,6.12
,,,,,,,,,,,,,,,0.987,6.12
,,,,,,,,,,,,,,,0.988,6.16
,,,,,,,,,,,,,,,0.989,6.16
,,,,,,,,,,,,,,,0.99,6.16
,,,,,,,,,,,,,,,0.991,6.12
,,,,,,,,,,,,,,,0.992,6.16
,,,,,,,,,,,,,,,0.993,6.16
,,,,,,,,,,,,,,,0.994,6.16
,,,,,,,,,,,,,,,0.995,6.12
,,,,,,,,,,,,,,,0.996,6.16
,,,,,,,,,,,,,,,0.997,6.16
,,,,,,,,,,,,,,,0.998,6.16
,,,,,,,,,,,,,,,0.999,6.16
,,,,,,,,,,,,,,,1,6.16
,,,,,,,,,,,,,,,1.001,6.16
,,,,,,,,,,,,,,,1.002,6.16
,,,,,,,,,,,,,,,1.003,6.16
,,,,,,,,,,,,,,,1.004,6.16
,,,,,,,,,,,,,,,1.005,6.16
,,,,,,,,,,,,,,,1.006,6.16
,,,,,,,,,,,,,,,1.007,6.16
,,,,,,,,,,,,,,,1.008,6.16
,,,,,,,,,,,,,,,1.009,6.16
,,,,,,,,,,,,,,,1.01,6.16
,,,,,,,,,,,,,,,1.011,6.16
,,,,,,,,,,,,,,,1.012,6.16
,,,,,,,,,,,,,,,1.013,6.16
,,,,,,,,,,,,,,,1.014,6.16
,,,,,,,,,,,,,,,1.015,6.16
,,,,,,,,,,,,,,,1.016,6.12
,,,,,,,,,,,,,,,1.017,6.12
,,,,,,,,,,,,,,,1.018,6.12
,,,,,,,,,,,,,,,1.019,6.16
,,,,,,,,,,,,,,,1.02,6.16
,,,,,,,,,,,,,,,1.021,6.12
,,,,,,,,,,,,,,,1.022,6.16
,,,,,,,,,,,,,,,1.023,6.16
,,,,,,,,,,,,,,,1.024,6.12
,,,,,,,,,,,,,,,1.025,6.16
,,,,,,,,,,,,,,,1.026,6.12
,,,,,,,,,,,,,,,1.027,6.16
,,,,,,,,,,,,,,,1.028,6.16
,,,,,,,,,,,,,,,1.029,6.12
,,,,,,,,,,,,,,,1.03,6.16
,,,,,,,,,,,,,,,1.031,6.16
,,,,,,,,,,,,,,,1.032,6.12
,,,,,,,,,,,,,,,1.033,6.12
,,,,,,,,,,,,,,,1.034,6.16
,,,,,,,,,,,,,,,1.035,6.16
,,,,,,,,,,,,,,,1.036,6.16
,,,,,,,,,,,,,,,1.037,6.12
,,,,,,,,,,,,,,,1.038,6.12
,,,,,,,,,,,,,,,1.039,6.16
,,,,,,,,,,,,,,,1.04,6.12
,,,,,,,,,,,,,,,1.041,6.12
,,,,,,,,,,,,,,,1.042,6.12
,,,,,,,,,,,,,,,1.043,6.16
,,,,,,,,,,,,,,,1.044,6.16
,,,,,,,,,,,,,,,1.045,6.12
,,,,,,,,,,,,,,,1.046,6.16
,,,,,,,,,,,,,,,1.047,6.12
,,,,,,,,,,,,,,,1.048,6.16
,,,,,,,,,,,,,,,1.049,6.12
,,,,,,,,,,,,,,,1.05,6.16
,,,,,,,,,,,,,,,1.051,6.16
,,,,,,,,,,,,,,,1.052,6.16
,,,,,,,,,,,,,,,1.053,6.16
,,,,,,,,,,,,,,,1.054,6.16
,,,,,,,,,,,,,,,1.055,6.16
,,,,,,,,,,,,,,,1.056,6.16
,,,,,,,,,,,,,,,1.057,6.16
,,,,,,,,,,,,,,,1.058,6.16
,,,,,,,,,,,,,,,1.059,6.16
,,,,,,,,,,,,,,,1.06,6.16
,,,,,,,,,,,,,,,1.061,6.16
,,,,,,,,,,,,,,,1.062,6.12
,,,,,,,,,,,,,,,1.063,6.12
,,,,,,,,,,,,,,,1.064,6.16
,,,,,,,,,,,,,,,1.065,6.12
,,,,,,,,,,,,,,,1.066,6.16
,,,,,,,,,,,,,,,1.067,6.16
,,,,,,,,,,,,,,,1.068,6.16
,,,,,,,,,,,,,,,1.069,6.12
,,,,,,,,,,,,,,,1.07,6.12
,,,,,,,,,,,,,,,1.071,6.16
,,,,,,,,,,,,,,,1.072,6.12
,,,,,,,,,,,,,,,1.073,6.16
,,,,,,,,,,,,,,,1.074,6.12
,,,,,,,,,,,,,,,1.075,6.12
,,,,,,,,,,,,,,,1.076,6.12
,,,,,,,,,,,,,,,1.077,6.12
,,,,,,,,,,,,,,,1.078,6.16
,,,,,,,,,,,,,,,1.079,6.16
,,,,,,,,,,,,,,,1.08,6.16
,,,,,,,,,,,,,,,1.081,6.12
,,,,,,,,,,,,,,,1.082,6.16
,,,,,,,,,,,,,,,1.083,6.16
,,,,,,,,,,,,,,,1.084,6.12
,,,,,,,,,,,,,,,1.085,6.16
,,,,,,,,,,,,,,,1.086,6.16
,,,,,,,,,,,,,,,1.087,6.16
,,,,,,,,,,,,,,,1.088,6.16
,,,,,,,,,,,,,,,1.089,6.16
,,,,,,,,,,,,,,,1.09,6.12
,,,,,,,,,,,,,,,1.091,6.16
,,,,,,,,,,,,,,,1.092,6.16
,,,,,,,,,,,,,,,1.093,6.16
,,,,,,,,,,,,,,,1.094,6.16
,,,,,,,,,,,,,,,1.095,6.12
,,,,,,,,,,,,,,,1.096,6.16
,,,,,,,,,,,,,,,1.097,6.16
,,,,,,,,,,,,,,,1.098,6.16
,,,,,,,,,,,,,,,1.099,6.16
,,,,,,,,,,,,,,,1.1,6.16
,,,,,,,,,,,,,,,1.101,6.16
,,,,,,,,,,,,,,,1.102,6.12
,,,,,,,,,,,,,,,1.103,6.16
,,,,,,,,,,,,,,,1.104,6.16
,,,,,,,,,,,,,,,1.105,6.16
,,,,,,,,,,,,,,,1.106,6.16
,,,,,,,,,,,,,,,1.107,6.16
,,,,,,,,,,,,,,,1.108,6.2
,,,,,,,,,,,,,,,1.109,6.16
,,,,,,,,,,,,,,,1.11,6.16
,,,,,,,,,,,,,,,1.111,6.16
,,,,,,,,,,,,,,,1.112,6.16
,,,,,,,,,,,,,,,1.113,6.16
,,,,,,,,,,,,,,,1.114,6.16
,,,,,,,,,,,,,,,1.115,6.16
,,,,,,,,,,,,,,,1.116,6.16
,,,,,,,,,,,,,,,1.117,6.16
,,,,,,,,,,,,,,,1.118,6.16
,,,,,,,,,,,,,,,1.119,6.2
,,,,,,,,,,,,,,,1.12,6.16
,,,,,,,,,,,,,,,1.121,6.16
,,,,,,,,,,,,,,,1.122,6.16
,,,,,,,,,,,,,,,1.123,6.2
,,,,,,,,,,,,,,,1.124,6.16
,,,,,,,,,,,,,,,1.125,6.2
,,,,,,,,,,,,,,,1.126,6.16
,,,,,,,,,,,,,,,1.127,6.16
,,,,,,,,,,,,,,,1.128,6.16
,,,,,,,,,,,,,,,1.129,6.16
,,,,,,,,,,,,,,,1.13,6.16
,,,,,,,,,,,,,,,1.131,6.16
,,,,,,,,,,,,,,,1.132,6.16
,,,,,,,,,,,,,,,1.133,6.16
,,,,,,,,,,,,,,,1.134,6.16
,,,,,,,,,,,,,,,1.135,6.16
,,,,,,,,,,,,,,,1.136,6.2
,,,,,,,,,,,,,,,1.137,6.16
,,,,,,,,,,,,,,,1.138,6.16
,,,,,,,,,,,,,,,1.139,6.16
,,,,,,,,,,,,,,,1.14,6.16
,,,,,,,,,,,,,,,1.141,6.16
,,,,,,,,,,,,,,,1.142,6.16
,,,,,,,,,,,,,,,1.143,6.16
,,,,,,,,,,,,,,,1.144,6.2
,,,,,,,,,,,,,,,1.145,6.2
,,,,,,,,,,,,,,,1.146,6.2
,,,,,,,,,,,,,,,1.147,6.2
,,,,,,,,,,,,,,,1.148,6.2
,,,,,,,,,,,,,,,1.149,6.2
,,,,,,,,,,,,,,,1.15,6.2
,,,,,,,,,,,,,,,1.151,6.16
,,,,,,,,,,,,,,,1.152,6.2
,,,,,,,,,,,,,,,1.153,6.16
,,,,,,,,,,,,,,,1.154,6.16
,,,,,,,,,,,,,,,1.155,6.16
,,,,,,,,,,,,,,,1.156,6.16
,,,,,,,,,,,,,,,1.157,6.2
,,,,,,,,,,,,,,,1.158,6.16
,,,,,,,,,,,,,,,1.159,6.16
,,,,,,,,,,,,,,,1.16,6.16
,,,,,,,,,,,,,,,1.161,6.16
,,,,,,,,,,,,,,,1.162,6.16
,,,,,,,,,,,,,,,1.163,6.16
,,,,,,,,,,,,,,,1.164,6.16
,,,,,,,,,,,,,,,1.165,6.16
,,,,,,,,,,,,,,,1.166,6.16
,,,,,,,,,,,,,,,1.167,6.16
,,,,,,,,,,,,,,,1.168,6.16
,,,,,,,,,,,,,,,1.169,6.2
,,,,,,,,,,,,,,,1.17,6.16
,,,,,,,,,,,,,,,1.171,6.16
,,,,,,,,,,,,,,,1.172,6.16
,,,,,,,,,,,,,,,1.173,6.16
,,,,,,,,,,,,,,,1.174,6.16
,,,,,,,,,,,,,,,1.175,6.2
,,,,,,,,,,,,,,,1.176,6.2
,,,,,,,,,,,,,,,1.177,6.2
,,,,,,,,,,,,,,,1.178,6.2
,,,,,,,,,,,,,,,1.179,6.2
,,,,,,,,,,,,,,,1.18,6.16
,,,,,,,,,,,,,,,1.181,6.2
,,,,,,,,,,,,,,,1.182,6.2
,,,,,,,,,,,,,,,1.183,6.2
,,,,,,,,,,,,,,,1.184,6.2
,,,,,,,,,,,,,,,1.185,6.2
,,,,,,,,,,,,,,,1.186,6.2
,,,,,,,,,,,,,,,1.187,6.24
,,,,,,,,,,,,,,,1.188,6.24
,,,,,,,,,,,,,,,1.189,6.2
,,,,,,,,,,,,,,,1.19,6.2
,,,,,,,,,,,,,,,1.191,6.2
,,,,,,,,,,,,,,,1.192,6.2
,,,,,,,,,,,,,,,1.193,6.2
,,,,,,,,,,,,,,,1.194,6.2
,,,,,,,,,,,,,,,1.195,6.2
,,,,,,,,,,,,,,,1.196,6.2
,,,,,,,,,,,,,,,1.197,6.2
,,,,,,,,,,,,,,,1.198,6.2
,,,,,,,,,,,,,,,1.199,6.2
,,,,,,,,,,,,,,,1.2,6.2
,,,,,,,,,,,,,,,1.201,6.2
,,,,,,,,,,,,,,,1.202,6.24
,,,,,,,,,,,,,,,1.203,6.2
,,,,,,,,,,,,,,,1.204,6.2
,,,,,,,,,,,,,,,1.205,6.2
,,,,,,,,,,,,,,,1.206,6.2
,,,,,,,,,,,,,,,1.207,6.24
,,,,,,,,,,,,,,,1.208,6.24
,,,,,,,,,,,,,,,1.209,6.2
,,,,,,,,,,,,,,,1.21,6.24
,,,,,,,,,,,,,,,1.211,6.2
,,,,,,,,,,,,,,,1.212,6.24
,,,,,,,,,,,,,,,1.213,6.24
,,,,,,,,,,,,,,,1.214,6.24
,,,,,,,,,,,,,,,1.215,6.2
,,,,,,,,,,,,,,,1.216,6.2
,,,,,,,,,,,,,,,1.217,6.2
,,,,,,,,,,,,,,,1.218,6.24
,,,,,,,,,,,,,,,1.219,6.24
,,,,,,,,,,,,,,,1.22,6.2
,,,,,,,,,,,,,,,1.221,6.24
,,,,,,,,,,,,,,,1.222,6.24
,,,,,,,,,,,,,,,1.223,6.24
,,,,,,,,,,,,,,,1.224,6.24
,,,,,,,,,,,,,,,1.225,6.24
,,,,,,,,,,,,,,,1.226,6.24
,,,,,,,,,,,,,,,1.227,6.24
,,,,,,,,,,,,,,,1.228,6.24
,,,,,,,,,,,,,,,1.229,6.24
,,,,,,,,,,,,,,,1.23,6.24
,,,,,,,,,,,,,,,1.231,6.2
,,,,,,,,,,,,,,,1.232,6.24
,,,,,,,,,,,,,,,1.233,6.2
,,,,,,,,,,,,,,,1.234,6.2
,,,,,,,,,,,,,,,1.235,6.2
,,,,,,,,,,,,,,,1.236,6.2
,,,,,,,,,,,,,,,1.237,6.2
,,,,,,,,,,,,,,,1.238,6.24
,,,,,,,,,,,,,,,1.239,6.24
,,,,,,,,,,,,,,,1.24,6.2
,,,,,,,,,,,,,,,1.241,6.24
,,,,,,,,,,,,,,,1.242,6.2
,,,,,,,,,,,,,,,1.243,6.2
,,,,,,,,,,,,,,,1.244,6.2
,,,,,,,,,,,,,,,1.245,6.2
,,,,,,,,,,,,,,,1.246,6.2
,,,,,,,,,,,,,,,1.247,6.2
,,,,,,,,,,,,,,,1.248,6.24
,,,,,,,,,,,,,,,1.249,6.2
,,,,,,,,,,,,,,,1.25,6.2
,,,,,,,,,,,,,,,1.251,6.16
,,,,,,,,,,,,,,,1.252,6.2
,,,,,,,,,,,,,,,1.253,6.2
,,,,,,,,,,,,,,,1.254,6.16
,,,,,,,,,,,,,,,1.255,6.16
,,,,,,,,,,,,,,,1.256,6.16
,,,,,,,,,,,,,,,1.257,6.16
,,,,,,,,,,,,,,,1.258,6.16
,,,,,,,,,,,,,,,1.259,6.2
,,,,,,,,,,,,,,,1.26,6.2
,,,,,,,,,,,,,,,1.261,6.2
,,,,,,,,,,,,,,,1.262,6.2
,,,,,,,,,,,,,,,1.263,6.24
,,,,,,,,,,,,,,,1.264,6.2
,,,,,,,,,,,,,,,1.265,6.2
,,,,,,,,,,,,,,,1.266,6.2
,,,,,,,,,,,,,,,1.267,6.2
,,,,,,,,,,,,,,,1.268,6.2
,,,,,,,,,,,,,,,1.269,6.2
,,,,,,,,,,,,,,,1.27,6.2
,,,,,,,,,,,,,,,1.271,6.24
,,,,,,,,,,,,,,,1.272,6.2
,,,,,,,,,,,,,,,1.273,6.24
,,,,,,,,,,,,,,,1.274,6.24
,,,,,,,,,,,,,,,1.275,6.2
,,,,,,,,,,,,,,,1.276,6.16
,,,,,,,,,,,,,,,1.277,6.2
,,,,,,,,,,,,,,,1.278,6.2
,,,,,,,,,,,,,,,1.279,6.2
,,,,,,,,,,,,,,,1.28,6.2
,,,,,,,,,,,,,,,1.281,6.2
,,,,,,,,,,,,,,,1.282,6.2
,,,,,,,,,,,,,,,1.283,6.2
,,,,,,,,,,,,,,,1.284,6.2
,,,,,,,,,,,,,,,1.285,6.2
,,,,,,,,,,,,,,,1.286,6.2
,,,,,,,,,,,,,,,1.287,6.2
,,,,,,,,,,,,,,,1.288,6.24
,,,,,,,,,,,,,,,1.289,6.2
,,,,,,,,,,,,,,,1.29,6.2
,,,,,,,,,,,,,,,1.291,6.16
,,,,,,,,,,,,,,,1.292,6.2
,,,,,,,,,,,,,,,1.293,6.2
,,,,,,,,,,,,,,,1.294,6.2
,,,,,,,,,,,,,,,1.295,6.2
,,,,,,,,,,,,,,,1.296,6.2
,,,,,,,,,,,,,,,1.297,6.2
,,,,,,,,,,,,,,,1.298,6.24
,,,,,,,,,,,,,,,1.299,6.2
,,,,,,,,,,,,,,,1.3,6.2
,,,,,,,,,,,,,,,1.301,6.2
,,,,,,,,,,,,,,,1.302,6.2
,,,,,,,,,,,,,,,1.303,6.2
,,,,,,,,,,,,,,,1.304,6.2
,,,,,,,,,,,,,,,1.305,6.24
,,,,,,,,,,,,,,,1.306,6.2
,,,,,,,,,,,,,,,1.307,6.2
,,,,,,,,,,,,,,,1.308,6.24
,,,,,,,,,,,,,,,1.309,6.2
,,,,,,,,,,,,,,,1.31,6.2
,,,,,,,,,,,,,,,1.311,6.2
,,,,,,,,,,,,,,,1.312,6.2
,,,,,,,,,,,,,,,1.313,6.2
,,,,,,,,,,,,,,,1.314,6.2
,,,,,,,,,,,,,,,1.315,6.2
,,,,,,,,,,,,,,,1.316,6.2
,,,,,,,,,,,,,,,1.317,6.2
,,,,,,,,,,,,,,,1.318,6.2
,,,,,,,,,,,,,,,1.319,6.2
,,,,,,,,,,,,,,,1.32,6.2
,,,,,,,,,,,,,,,1.321,6.24
,,,,,,,,,,,,,,,1.322,6.2
,,,,,,,,,,,,,,,1.323,6.24
,,,,,,,,,,,,,,,1.324,6.24
,,,,,,,,,,,,,,,1.325,6.24
,,,,,,,,,,,,,,,1.326,6.24
,,,,,,,,,,,,,,,1.327,6.24
,,,,,,,,,,,,,,,1.328,6.2
,,,,,,,,,,,,,,,1.329,6.24
,,,,,,,,,,,,,,,1.33,6.24
,,,,,,,,,,,,,,,1.331,6.28
,,,,,,,,,,,,,,,1.332,6.24
,,,,,,,,,,,,,,,1.333,6.24
,,,,,,,,,,,,,,,1.334,6.24
,,,,,,,,,,,,,,,1.335,6.24
,,,,,,,,,,,,,,,1.336,6.24
,,,,,,,,,,,,,,,1.337,6.24
,,,,,,,,,,,,,,,1.338,6.24
,,,,,,,,,,,,,,,1.339,6.24
,,,,,,,,,,,,,,,1.34,6.24
,,,,,,,,,,,,,,,1.341,6.2
,,,,,,,,,,,,,,,1.342,6.2
,,,,,,,,,,,,,,,1.343,6.2
,,,,,,,,,,,,,,,1.344,6.24
,,,,,,,,,,,,,,,1.345,6.2
,,,,,,,,,,,,,,,1.346,6.2
,,,,,,,,,,,,,,,1.347,6.24
,,,,,,,,,,,,,,,1.348,6.24
,,,,,,,,,,,,,,,1.349,6.24
,,,,,,,,,,,,,,,1.35,6.2
,,,,,,,,,,,,,,,1.351,6.2
,,,,,,,,,,,,,,,1.352,6.24
,,,,,,,,,,,,,,,1.353,6.2
,,,,,,,,,,,,,,,1.354,6.2
,,,,,,,,,,,,,,,1.355,6.2
,,,,,,,,,,,,,,,1.356,6.2
,,,,,,,,,,,,,,,1.357,6.2
,,,,,,,,,,,,,,,1.358,6.24
,,,,,,,,,,,,,,,1.359,6.24
,,,,,,,,,,,,,,,1.36,6.24
,,,,,,,,,,,,,,,1.361,6.24
,,,,,,,,,,,,,,,1.362,6.24
,,,,,,,,,,,,,,,1.363,6.2
,,,,,,,,,,,,,,,1.364,6.24
,,,,,,,,,,,,,,,1.365,6.2
,,,,,,,,,,,,,,,1.366,6.24
,,,,,,,,,,,,,,,1.367,6.24
,,,,,,,,,,,,,,,1.368,6.24
,,,,,,,,,,,,,,,1.369,6.24
,,,,,,,,,,,,,,,1.37,6.24
,,,,,,,,,,,,,,,1.371,6.24
,,,,,,,,,,,,,,,1.372,6.24
,,,,,,,,,,,,,,,1.373,6.24
,,,,,,,,,,,,,,,1.374,6.24
,,,,,,,,,,,,,,,1.375,6.24
,,,,,,,,,,,,,,,1.376,6.24
,,,,,,,,,,,,,,,1.377,6.24
,,,,,,,,,,,,,,,1.378,6.24
,,,,,,,,,,,,,,,1.379,6.24
,,,,,,,,,,,,,,,1.38,6.24
,,,,,,,,,,,,,,,1.381,6.28
,,,,,,,,,,,,,,,1.382,6.24
,,,,,,,,,,,,,,,1.383,6.28
,,,,,,,,,,,,,,,1.384,6.24
,,,,,,,,,,,,,,,1.385,6.24
,,,,,,,,,,,,,,,1.386,6.24
,,,,,,,,,,,,,,,1.387,6.2
,,,,,,,,,,,,,,,1.388,6.24
,,,,,,,,,,,,,,,1.389,6.24
,,,,,,,,,,,,,,,1.39,6.24
,,,,,,,,,,,,,,,1.391,6.24
,,,,,,,,,,,,,,,1.392,6.24
,,,,,,,,,,,,,,,1.393,6.24
,,,,,,,,,,,,,,,1.394,6.24
,,,,,,,,,,,,,,,1.395,6.24
,,,,,,,,,,,,,,,1.396,6.28
,,,,,,,,,,,,,,,1.397,6.24
,,,,,,,,,,,,,,,1.398,6.24
,,,,,,,,,,,,,,,1.399,6.24
,,,,,,,,,,,,,,,1.4,6.24
,,,,,,,,,,,,,,,1.401,6.24
,,,,,,,,,,,,,,,1.402,6.24
,,,,,,,,,,,,,,,1.403,6.24
,,,,,,,,,,,,,,,1.404,6.24
,,,,,,,,,,,,,,,1.405,6.24
,,,,,,,,,,,,,,,1.406,6.28
,,,,,,,,,,,,,,,1.407,6.24
,,,,,,,,,,,,,,,1.408,6.24
,,,,,,,,,,,,,,,1.409,6.28
,,,,,,,,,,,,,,,1.41,6.24
,,,,,,,,,,,,,,,1.411,6.24
,,,,,,,,,,,,,,,1.412,6.24
,,,,,,,,,,,,,,,1.413,6.28
,,,,,,,,,,,,,,,1.414,6.24
,,,,,,,,,,,,,,,1.415,6.28
,,,,,,,,,,,,,,,1.416,6.24
,,,,,,,,,,,,,,,1.417,6.28
,,,,,,,,,,,,,,,1.418,6.24
,,,,,,,,,,,,,,,1.419,6.28
,,,,,,,,,,,,,,,1.42,6.24
,,,,,,,,,,,,,,,1.421,6.28
,,,,,,,,,,,,,,,1.422,6.24
,,,,,,,,,,,,,,,1.423,6.28
,,,,,,,,,,,,,,,1.424,6.24
,,,,,,,,,,,,,,,1.425,6.28
,,,,,,,,,,,,,,,1.426,6.24
,,,,,,,,,,,,,,,1.427,6.2
,,,,,,,,,,,,,,,1.428,6.24
,,,,,,,,,,,,,,,1.429,6.24
,,,,,,,,,,,,,,,1.43,6.24
,,,,,,,,,,,,,,,1.431,6.28
,,,,,,,,,,,,,,,1.432,6.24
,,,,,,,,,,,,,,,1.433,6.28
,,,,,,,,,,,,,,,1.434,6.28
,,,,,,,,,,,,,,,1.435,6.24
,,,,,,,,,,,,,,,1.436,6.28
,,,,,,,,,,,,,,,1.437,6.28
,,,,,,,,,,,,,,,1.438,6.24
,,,,,,,,,,,,,,,1.439,6.24
,,,,,,,,,,,,,,,1.44,6.28
,,,,,,,,,,,,,,,1.441,6.24
,,,,,,,,,,,,,,,1.442,6.24
,,,,,,,,,,,,,,,1.443,6.24
,,,,,,,,,,,,,,,1.444,6.24
,,,,,,,,,,,,,,,1.445,6.24
,,,,,,,,,,,,,,,1.446,6.28
,,,,,,,,,,,,,,,1.447,6.24
,,,,,,,,,,,,,,,1.448,6.24
,,,,,,,,,,,,,,,1.449,6.24
,,,,,,,,,,,,,,,1.45,6.24
,,,,,,,,,,,,,,,1.451,6.28
,,,,,,,,,,,,,,,1.452,6.28
,,,,,,,,,,,,,,,1.453,6.28
,,,,,,,,,,,,,,,1.454,6.28
,,,,,,,,,,,,,,,1.455,6.24
,,,,,,,,,,,,,,,1.456,6.28
,,,,,,,,,,,,,,,1.457,6.24
,,,,,,,,,,,,,,,1.458,6.28
,,,,,,,,,,,,,,,1.459,6.24
,,,,,,,,,,,,,,,1.46,6.24
,,,,,,,,,,,,,,,1.461,6.24
,,,,,,,,,,,,,,,1.462,6.24
,,,,,,,,,,,,,,,1.463,6.24
,,,,,,,,,,,,,,,1.464,6.24
,,,,,,,,,,,,,,,1.465,6.28
,,,,,,,,,,,,,,,1.466,6.24
,,,,,,,,,,,,,,,1.467,6.28
,,,,,,,,,,,,,,,1.468,6.28
,,,,,,,,,,,,,,,1.469,6.28
,,,,,,,,,,,,,,,1.47,6.24
,,,,,,,,,,,,,,,1.471,6.28
,,,,,,,,,,,,,,,1.472,6.24
,,,,,,,,,,,,,,,1.473,6.24
,,,,,,,,,,,,,,,1.474,6.24
,,,,,,,,,,,,,,,1.475,6.28
,,,,,,,,,,,,,,,1.476,6.24
,,,,,,,,,,,,,,,1.477,6.24
,,,,,,,,,,,,,,,1.478,6.24
,,,,,,,,,,,,,,,1.479,6.24
,,,,,,,,,,,,,,,1.48,6.24
,,,,,,,,,,,,,,,1.481,6.24
,,,,,,,,,,,,,,,1.482,6.24
,,,,,,,,,,,,,,,1.483,6.24
,,,,,,,,,,,,,,,1.484,6.28
,,,,,,,,,,,,,,,1.485,6.24
,,,,,,,,,,,,,,,1.486,6.24
,,,,,,,,,,,,,,,1.487,6.28
,,,,,,,,,,,,,,,1.488,6.24
,,,,,,,,,,,,,,,1.489,6.28
,,,,,,,,,,,,,,,1.49,6.24
,,,,,,,,,,,,,,,1.491,6.24
,,,,,,,,,,,,,,,1.492,6.24
,,,,,,,,,,,,,,,1.493,6.24
,,,,,,,,,,,,,,,1.494,6.24
,,,,,,,,,,,,,,,1.495,6.28
,,,,,,,,,,,,,,,1.496,6.24
,,,,,,,,,,,,,,,1.497,6.28
,,,,,,,,,,,,,,,1.498,6.24
,,,,,,,,,,,,,,,1.499,6.24
,,,,,,,,,,,,,,,1.5,6.24
,,,,,,,,,,,,,,,1.501,6.24
,,,,,,,,,,,,,,,1.502,6.24
,,,,,,,,,,,,,,,1.503,6.24
,,,,,,,,,,,,,,,1.504,6.24
,,,,,,,,,,,,,,,1.505,6.2
,,,,,,,,,,,,,,,1.506,6.24
,,,,,,,,,,,,,,,1.507,6.28
,,,,,,,,,,,,,,,1.508,6.28
,,,,,,,,,,,,,,,1.509,6.28
,,,,,,,,,,,,,,,1.51,6.28
,,,,,,,,,,,,,,,1.511,6.24
,,,,,,,,,,,,,,,1.512,6.24
,,,,,,,,,,,,,,,1.513,6.24
,,,,,,,,,,,,,,,1.514,6.2
,,,,,,,,,,,,,,,1.515,6.24
,,,,,,,,,,,,,,,1.516,6.24
,,,,,,,,,,,,,,,1.517,6.24
,,,,,,,,,,,,,,,1.518,6.24
,,,,,,,,,,,,,,,1.519,6.2
,,,,,,,,,,,,,,,1.52,6.24
,,,,,,,,,,,,,,,1.521,6.24
,,,,,,,,,,,,,,,1.522,6.24
,,,,,,,,,,,,,,,1.523,6.28
,,,,,,,,,,,,,,,1.524,6.28
,,,,,,,,,,,,,,,1.525,6.28
,,,,,,,,,,,,,,,1.526,6.28
,,,,,,,,,,,,,,,1.527,6.28
,,,,,,,,,,,,,,,1.528,6.28
,,,,,,,,,,,,,,,1.529,6.28
,,,,,,,,,,,,,,,1.53,6.28
,,,,,,,,,,,,,,,1.531,6.28
,,,,,,,,,,,,,,,1.532,6.28
,,,,,,,,,,,,,,,1.533,6.24
,,,,,,,,,,,,,,,1.534,6.24
,,,,,,,,,,,,,,,1.535,6.28
,,,,,,,,,,,,,,,1.536,6.28
,,,,,,,,,,,,,,,1.537,6.24
,,,,,,,,,,,,,,,1.538,6.24
,,,,,,,,,,,,,,,1.539,6.24
,,,,,,,,,,,,,,,1.54,6.28
,,,,,,,,,,,,,,,1.541,6.24
,,,,,,,,,,,,,,,1.542,6.28
,,,,,,,,,,,,,,,1.543,6.24
,,,,,,,,,,,,,,,1.544,6.28
,,,,,,,,,,,,,,,1.545,6.24
,,,,,,,,,,,,,,,1.546,6.24
,,,,,,,,,,,,,,,1.547,6.28
,,,,,,,,,,,,,,,1.548,6.28
,,,,,,,,,,,,,,,1.549,6.28
,,,,,,,,,,,,,,,1.55,6.24
,,,,,,,,,,,,,,,1.551,6.24
,,,,,,,,,,,,,,,1.552,6.28
,,,,,,,,,,,,,,,1.553,6.24
,,,,,,,,,,,,,,,1.554,6.24
,,,,,,,,,,,,,,,1.555,6.28
,,,,,,,,,,,,,,,1.556,6.24
,,,,,,,,,,,,,,,1.557,6.28
,,,,,,,,,,,,,,,1.558,6.24
,,,,,,,,,,,,,,,1.559,6.28
,,,,,,,,,,,,,,,1.56,6.28
,,,,,,,,,,,,,,,1.561,6.28
,,,,,,,,,,,,,,,1.562,6.28
,,,,,,,,,,,,,,,1.563,6.24
,,,,,,,,,,,,,,,1.564,6.28
,,,,,,,,,,,,,,,1.565,6.24
,,,,,,,,,,,,,,,1.566,6.28
,,,,,,,,,,,,,,,1.567,6.28
,,,,,,,,,,,,,,,1.568,6.28
,,,,,,,,,,,,,,,1.569,6.28
,,,,,,,,,,,,,,,1.57,6.28
,,,,,,,,,,,,,,,1.571,6.28
,,,,,,,,,,,,,,,1.572,6.28
,,,,,,,,,,,,,,,1.573,6.28
,,,,,,,,,,,,,,,1.574,6.24
,,,,,,,,,,,,,,,1.575,6.28
,,,,,,,,,,,,,,,1.576,6.24
,,,,,,,,,,,,,,,1.577,6.28
,,,,,,,,,,,,,,,1.578,6.24
,,,,,,,,,,,,,,,1.579,6.24
,,,,,,,,,,,,,,,1.58,6.24
,,,,,,,,,,,,,,,1.581,6.24
,,,,,,,,,,,,,,,1.582,6.24
,,,,,,,,,,,,,,,1.583,6.24
,,,,,,,,,,,,,,,1.584,6.24
,,,,,,,,,,,,,,,1.585,6.24
,,,,,,,,,,,,,,,1.586,6.24
,,,,,,,,,,,,,,,1.587,6.24
,,,,,,,,,,,,,,,1.588,6.28
,,,,,,,,,,,,,,,1.589,6.24
,,,,,,,,,,,,,,,1.59,6.28
,,,,,,,,,,,,,,,1.591,6.28
,,,,,,,,,,,,,,,1.592,6.32
,,,,,,,,,,,,,,,1.593,6.32
,,,,,,,,,,,,,,,1.594,6.28
,,,,,,,,,,,,,,,1.595,6.24
,,,,,,,,,,,,,,,1.596,6.28
,,,,,,,,,,,,,,,1.597,6.28
,,,,,,,,,,,,,,,1.598,6.28
,,,,,,,,,,,,,,,1.599,6.28
,,,,,,,,,,,,,,,1.6,6.28
,,,,,,,,,,,,,,,1.601,6.28
,,,,,,,,,,,,,,,1.602,6.28
,,,,,,,,,,,,,,,1.603,6.28
,,,,,,,,,,,,,,,1.604,6.28
,,,,,,,,,,,,,,,1.605,6.28
,,,,,,,,,,,,,,,1.606,6.24
,,,,,,,,,,,,,,,1.607,6.28
,,,,,,,,,,,,,,,1.608,6.28
,,,,,,,,,,,,,,,1.609,6.28
,,,,,,,,,,,,,,,1.61,6.28
,,,,,,,,,,,,,,,1.611,6.28
,,,,,,,,,,,,,,,1.612,6.28
,,,,,,,,,,,,,,,1.613,6.28
,,,,,,,,,,,,,,,1.614,6.28
,,,,,,,,,,,,,,,1.615,6.28
,,,,,,,,,,,,,,,1.616,6.28
,,,,,,,,,,,,,,,1.617,6.28
,,,,,,,,,,,,,,,1.618,6.28
,,,,,,,,,,,,,,,1.619,6.28
,,,,,,,,,,,,,,,1.62,6.28
,,,,,,,,,,,,,,,1.621,6.24
,,,,,,,,,,,,,,,1.622,6.28
,,,,,,,,,,,,,,,1.623,6.28
,,,,,,,,,,,,,,,1.624,6.28
,,,,,,,,,,,,,,,1.625,6.24
,,,,,,,,,,,,,,,1.626,6.24
,,,,,,,,,,,,,,,1.627,6.24
,,,,,,,,,,,,,,,1.628,6.24
,,,,,,,,,,,,,,,1.629,6.28
,,,,,,,,,,,,,,,1.63,6.28
,,,,,,,,,,,,,,,1.631,6.28
,,,,,,,,,,,,,,,1.632,6.28
,,,,,,,,,,,,,,,1.633,6.28
,,,,,,,,,,,,,,,1.634,6.28
,,,,,,,,,,,,,,,1.635,6.28
,,,,,,,,,,,,,,,1.636,6.28
,,,,,,,,,,,,,,,1.637,6.28
,,,,,,,,,,,,,,,1.638,6.28
,,,,,,,,,,,,,,,1.639,6.28
,,,,,,,,,,,,,,,1.64,6.28
,,,,,,,,,,,,,,,1.641,6.28
,,,,,,,,,,,,,,,1.642,6.28
,,,,,,,,,,,,,,,1.643,6.28
,,,,,,,,,,,,,,,1.644,6.24
,,,,,,,,,,,,,,,1.645,6.28
,,,,,,,,,,,,,,,1.646,6.28
,,,,,,,,,,,,,,,1.647,6.24
,,,,,,,,,,,,,,,1.648,6.28
,,,,,,,,,,,,,,,1.649,6.28
,,,,,,,,,,,,,,,1.65,6.28
,,,,,,,,,,,,,,,1.651,6.24
,,,,,,,,,,,,,,,1.652,6.28
,,,,,,,,,,,,,,,1.653,6.24
,,,,,,,,,,,,,,,1.654,6.28
,,,,,,,,,,,,,,,1.655,6.24
,,,,,,,,,,,,,,,1.656,6.28
,,,,,,,,,,,,,,,1.657,6.28
,,,,,,,,,,,,,,,1.658,6.28
,,,,,,,,,,,,,,,1.659,6.28
,,,,,,,,,,,,,,,1.66,6.24
,,,,,,,,,,,,,,,1.661,6.28
,,,,,,,,,,,,,,,1.662,6.24
,,,,,,,,,,,,,,,1.663,6.28
,,,,,,,,,,,,,,,1.664,6.24
,,,,,,,,,,,,,,,1.665,6.24
,,,,,,,,,,,,,,,1.666,6.28
,,,,,,,,,,,,,,,1.667,6.24
,,,,,,,,,,,,,,,1.668,6.24
,,,,,,,,,,,,,,,1.669,6.24
,,,,,,,,,,,,,,,1.67,6.28
,,,,,,,,,,,,,,,1.671,6.24
,,,,,,,,,,,,,,,1.672,6.28
,,,,,,,,,,,,,,,1.673,6.28
,,,,,,,,,,,,,,,1.674,6.24
,,,,,,,,,,,,,,,1.675,6.24
,,,,,,,,,,,,,,,1.676,6.24
,,,,,,,,,,,,,,,1.677,6.24
,,,,,,,,,,,,,,,1.678,6.24
,,,,,,,,,,,,,,,1.679,6.24
,,,,,,,,,,,,,,,1.68,6.24
,,,,,,,,,,,,,,,1.681,6.24
,,,,,,,,,,,,,,,1.682,6.24
,,,,,,,,,,,,,,,1.683,6.28
,,,,,,,,,,,,,,,1.684,6.24
,,,,,,,,,,,,,,,1.685,6.24
,,,,,,,,,,,,,,,1.686,6.24
,,,,,,,,,,,,,,,1.687,6.28
,,,,,,,,,,,,,,,1.688,6.24
,,,,,,,,,,,,,,,1.689,6.24
,,,,,,,,,,,,,,,1.69,6.24
,,,,,,,,,,,,,,,1.691,6.24
,,,,,,,,,,,,,,,1.692,6.24
,,,,,,,,,,,,,,,1.693,6.24
,,,,,,,,,,,,,,,1.694,6.24
,,,,,,,,,,,,,,,1.695,6.24
,,,,,,,,,,,,,,,1.696,6.24
,,,,,,,,,,,,,,,1.697,6.24
,,,,,,,,,,,,,,,1.698,6.2
,,,,,,,,,,,,,,,1.699,6.24
,,,,,,,,,,,,,,,1.7,6.24
,,,,,,,,,,,,,,,1.701,6.24
,,,,,,,,,,,,,,,1.702,6.24
,,,,,,,,,,,,,,,1.703,6.24
,,,,,,,,,,,,,,,1.704,6.24
,,,,,,,,,,,,,,,1.705,6.24
,,,,,,,,,,,,,,,1.706,6.24
,,,,,,,,,,,,,,,1.707,6.24
,,,,,,,,,,,,,,,1.708,6.24
,,,,,,,,,,,,,,,1.709,6.24
,,,,,,,,,,,,,,,1.71,6.24
,,,,,,,,,,,,,,,1.711,6.24
,,,,,,,,,,,,,,,1.712,6.24
,,,,,,,,,,,,,,,1.713,6.24
,,,,,,,,,,,,,,,1.714,6.28
,,,,,,,,,,,,,,,1.715,6.24
,,,,,,,,,,,,,,,1.716,6.2
,,,,,,,,,,,,,,,1.717,6.24
,,,,,,,,,,,,,,,1.718,6.24
,,,,,,,,,,,,,,,1.719,6.24
,,,,,,,,,,,,,,,1.72,6.2
,,,,,,,,,,,,,,,1.721,6.24
,,,,,,,,,,,,,,,1.722,6.24
,,,,,,,,,,,,,,,1.723,6.24
,,,,,,,,,,,,,,,1.724,6.24
,,,,,,,,,,,,,,,1.725,6.24
,,,,,,,,,,,,,,,1.726,6.24
,,,,,,,,,,,,,,,1.727,6.2
,,,,,,,,,,,,,,,1.728,6.24
,,,,,,,,,,,,,,,1.729,6.24
,,,,,,,,,,,,,,,1.73,6.28
,,,,,,,,,,,,,,,1.731,6.2
,,,,,,,,,,,,,,,1.732,6.24
,,,,,,,,,,,,,,,1.733,6.24
,,,,,,,,,,,,,,,1.734,6.24
,,,,,,,,,,,,,,,1.735,6.24
,,,,,,,,,,,,,,,1.736,6.24
,,,,,,,,,,,,,,,1.737,6.24
,,,,,,,,,,,,,,,1.738,6.24
,,,,,,,,,,,,,,,1.739,6.24
,,,,,,,,,,,,,,,1.74,6.24
,,,,,,,,,,,,,,,1.741,6.24
,,,,,,,,,,,,,,,1.742,6.24
,,,,,,,,,,,,,,,1.743,6.2
,,,,,,,,,,,,,,,1.744,6.24
,,,,,,,,,,,,,,,1.745,6.24
,,,,,,,,,,,,,,,1.746,6.24
,,,,,,,,,,,,,,,1.747,6.24
,,,,,,,,,,,,,,,1.748,6.2
,,,,,,,,,,,,,,,1.749,6.24
,,,,,,,,,,,,,,,1.75,6.24
,,,,,,,,,,,,,,,1.751,6.2
,,,,,,,,,,,,,,,1.752,6.2
,,,,,,,,,,,,,,,1.753,6.24
,,,,,,,,,,,,,,,1.754,6.2
,,,,,,,,,,,,,,,1.755,6.24
,,,,,,,,,,,,,,,1.756,6.2
,,,,,,,,,,,,,,,1.757,6.24
,,,,,,,,,,,,,,,1.758,6.24
,,,,,,,,,,,,,,,1.759,6.2
,,,,,,,,,,,,,,,1.76,6.24
,,,,,,,,,,,,,,,1.761,6.24
,,,,,,,,,,,,,,,1.762,6.24
,,,,,,,,,,,,,,,1.763,6.24
,,,,,,,,,,,,,,,1.764,6.24
,,,,,,,,,,,,,,,1.765,6.24
,,,,,,,,,,,,,,,1.766,6.2
,,,,,,,,,,,,,,,1.767,6.2
,,,,,,,,,,,,,,,1.768,6.24
,,,,,,,,,,,,,,,1.769,6.24
,,,,,,,,,,,,,,,1.77,6.24
,,,,,,,,,,,,,,,1.771,6.24
,,,,,,,,,,,,,,,1.772,6.24
,,,,,,,,,,,,,,,1.773,6.24
,,,,,,,,,,,,,,,1.774,6.24
,,,,,,,,,,,,,,,1.775,6.24
,,,,,,,,,,,,,,,1.776,6.24
,,,,,,,,,,,,,,,1.777,6.24
,,,,,,,,,,,,,,,1.778,6.24
,,,,,,,,,,,,,,,1.779,6.2
,,,,,,,,,,,,,,,1.78,6.2
,,,,,,,,,,,,,,,1.781,6.24
,,,,,,,,,,,,,,,1.782,6.2
,,,,,,,,,,,,,,,1.783,6.2
,,,,,,,,,,,,,,,1.784,6.2
,,,,,,,,,,,,,,,1.785,6.2
,,,,,,,,,,,,,,,1.786,6.24
,,,,,,,,,,,,,,,1.787,6.2
,,,,,,,,,,,,,,,1.788,6.2
,,,,,,,,,,,,,,,1.789,6.24
,,,,,,,,,,,,,,,1.79,6.2
,,,,,,,,,,,,,,,1.791,6.24
,,,,,,,,,,,,,,,1.792,6.24
,,,,,,,,,,,,,,,1.793,6.24
,,,,,,,,,,,,,,,1.794,6.24
,,,,,,,,,,,,,,,1.795,6.24
,,,,,,,,,,,,,,,1.796,6.24
,,,,,,,,,,,,,,,1.797,6.2
,,,,,,,,,,,,,,,1.798,6.2
,,,,,,,,,,,,,,,1.799,6.24
,,,,,,,,,,,,,,,1.8,6.28
,,,,,,,,,,,,,,,1.801,6.28
,,,,,,,,,,,,,,,1.802,6.24
,,,,,,,,,,,,,,,1.803,6.24
,,,,,,,,,,,,,,,1.804,6.24
,,,,,,,,,,,,,,,1.805,6.24
,,,,,,,,,,,,,,,1.806,6.28
,,,,,,,,,,,,,,,1.807,6.24
,,,,,,,,,,,,,,,1.808,6.24
,,,,,,,,,,,,,,,1.809,6.28
,,,,,,,,,,,,,,,1.81,6.24
,,,,,,,,,,,,,,,1.811,6.28
,,,,,,,,,,,,,,,1.812,6.24
,,,,,,,,,,,,,,,1.813,6.28
,,,,,,,,,,,,,,,1.814,6.24
,,,,,,,,,,,,,,,1.815,6.28
,,,,,,,,,,,,,,,1.816,6.24
,,,,,,,,,,,,,,,1.817,6.28
,,,,,,,,,,,,,,,1.818,6.24
,,,,,,,,,,,,,,,1.819,6.24
,,,,,,,,,,,,,,,1.82,6.28
,,,,,,,,,,,,,,,1.821,6.28
,,,,,,,,,,,,,,,1.822,6.24
,,,,,,,,,,,,,,,1.823,6.24
,,,,,,,,,,,,,,,1.824,6.28
,,,,,,,,,,,,,,,1.825,6.28
,,,,,,,,,,,,,,,1.826,6.28
,,,,,,,,,,,,,,,1.827,6.28
,,,,,,,,,,,,,,,1.828,6.28
,,,,,,,,,,,,,,,1.829,6.28
,,,,,,,,,,,,,,,1.83,6.28
,,,,,,,,,,,,,,,1.831,6.28
,,,,,,,,,,,,,,,1.832,6.28
,,,,,,,,,,,,,,,1.833,6.28
,,,,,,,,,,,,,,,1.834,6.28
,,,,,,,,,,,,,,,1.835,6.28
,,,,,,,,,,,,,,,1.836,6.28
,,,,,,,,,,,,,,,1.837,6.28
,,,,,,,,,,,,,,,1.838,6.24
,,,,,,,,,,,,,,,1.839,6.24
,,,,,,,,,,,,,,,1.84,6.24
,,,,,,,,,,,,,,,1.841,6.24
,,,,,,,,,,,,,,,1.842,6.24
,,,,,,,,,,,,,,,1.843,6.24
,,,,,,,,,,,,,,,1.844,6.28
,,,,,,,,,,,,,,,1.845,6.28
,,,,,,,,,,,,,,,1.846,6.28
,,,,,,,,,,,,,,,1.847,6.28
,,,,,,,,,,,,,,,1.848,6.28
,,,,,,,,,,,,,,,1.849,6.28
,,,,,,,,,,,,,,,1.85,6.28
,,,,,,,,,,,,,,,1.851,6.28
,,,,,,,,,,,,,,,1.852,6.28
,,,,,,,,,,,,,,,1.853,6.28
,,,,,,,,,,,,,,,1.854,6.28
,,,,,,,,,,,,,,,1.855,6.28
,,,,,,,,,,,,,,,1.856,6.24
,,,,,,,,,,,,,,,1.857,6.28
,,,,,,,,,,,,,,,1.858,6.28
,,,,,,,,,,,,,,,1.859,6.28
,,,,,,,,,,,,,,,1.86,6.24
,,,,,,,,,,,,,,,1.861,6.24
,,,,,,,,,,,,,,,1.862,6.24
,,,,,,,,,,,,,,,1.863,6.28
,,,,,,,,,,,,,,,1.864,6.24
,,,,,,,,,,,,,,,1.865,6.28
,,,,,,,,,,,,,,,1.866,6.28
,,,,,,,,,,,,,,,1.867,6.28
,,,,,,,,,,,,,,,1.868,6.28
,,,,,,,,,,,,,,,1.869,6.28
,,,,,,,,,,,,,,,1.87,6.28
,,,,,,,,,,,,,,,1.871,6.28
,,,,,,,,,,,,,,,1.872,6.24
,,,,,,,,,,,,,,,1.873,6.28
,,,,,,,,,,,,,,,1.874,6.28
,,,,,,,,,,,,,,,1.875,6.28
,,,,,,,,,,,,,,,1.876,6.28
,,,,,,,,,,,,,,,1.877,6.28
,,,,,,,,,,,,,,,1.878,6.28
,,,,,,,,,,,,,,,1.879,6.28
,,,,,,,,,,,,,,,1.88,6.28
,,,,,,,,,,,,,,,1.881,6.28
,,,,,,,,,,,,,,,1.882,6.28
,,,,,,,,,,,,,,,1.883,6.24
,,,,,,,,,,,,,,,1.884,6.28
,,,,,,,,,,,,,,,1.885,6.28
,,,,,,,,,,,,,,,1.886,6.28
,,,,,,,,,,,,,,,1.887,6.24
,,,,,,,,,,,,,,,1.888,6.24
,,,,,,,,,,,,,,,1.889,6.28
,,,,,,,,,,,,,,,1.89,6.28
,,,,,,,,,,,,,,,1.891,6.28
,,,,,,,,,,,,,,,1.892,6.24
,,,,,,,,,,,,,,,1.893,6.28
,,,,,,,,,,,,,,,1.894,6.24
,,,,,,,,,,,,,,,1.895,6.28
,,,,,,,,,,,,,,,1.896,6.24
,,,,,,,,,,,,,,,1.897,6.24
,,,,,,,,,,,,,,,1.898,6.24
,,,,,,,,,,,,,,,1.899,6.24
,,,,,,,,,,,,,,,1.9,6.24
,,,,,,,,,,,,,,,1.901,6.28
,,,,,,,,,,,,,,,1.902,6.28
,,,,,,,,,,,,,,,1.903,6.28
,,,,,,,,,,,,,,,1.904,6.28
,,,,,,,,,,,,,,,1.905,6.24
,,,,,,,,,,,,,,,1.906,6.28
,,,,,,,,,,,,,,,1.907,6.24
,,,,,,,,,,,,,,,1.908,6.28
,,,,,,,,,,,,,,,1.909,6.28
,,,,,,,,,,,,,,,1.91,6.28
,,,,,,,,,,,,,,,1.911,6.28
,,,,,,,,,,,,,,,1.912,6.28
,,,,,,,,,,,,,,,1.913,6.28
,,,,,,,,,,,,,,,1.914,6.24
,,,,,,,,,,,,,,,1.915,6.28
,,,,,,,,,,,,,,,1.916,6.28
,,,,,,,,,,,,,,,1.917,6.28
,,,,,,,,,,,,,,,1.918,6.24
,,,,,,,,,,,,,,,1.919,6.28
,,,,,,,,,,,,,,,1.92,6.24
,,,,,,,,,,,,,,,1.921,6.28
,,,,,,,,,,,,,,,1.922,6.24
,,,,,,,,,,,,,,,1.923,6.24
,,,,,,,,,,,,,,,1.924,6.28
,,,,,,,,,,,,,,,1.925,6.24
,,,,,,,,,,,,,,,1.926,6.28
,,,,,,,,,,,,,,,1.927,6.24
,,,,,,,,,,,,,,,1.928,6.24
,,,,,,,,,,,,,,,1.929,6.24
,,,,,,,,,,,,,,,1.93,6.28
,,,,,,,,,,,,,,,1.931,6.28
,,,,,,,,,,,,,,,1.932,6.28
,,,,,,,,,,,,,,,1.933,6.24
,,,,,,,,,,,,,,,1.934,6.24
,,,,,,,,,,,,,,,1.935,6.24
,,,,,,,,,,,,,,,1.936,6.24
,,,,,,,,,,,,,,,1.937,6.24
,,,,,,,,,,,,,,,1.938,6.24
,,,,,,,,,,,,,,,1.939,6.28
,,,,,,,,,,,,,,,1.94,6.28
,,,,,,,,,,,,,,,1.941,6.28
,,,,,,,,,,,,,,,1.942,6.28
,,,,,,,,,,,,,,,1.943,6.28
,,,,,,,,,,,,,,,1.944,6.24
,,,,,,,,,,,,,,,1.945,6.28
,,,,,,,,,,,,,,,1.946,6.24
,,,,,,,,,,,,,,,1.947,6.28
,,,,,,,,,,,,,,,1.948,6.28
,,,,,,,,,,,,,,,1.949,6.24
,,,,,,,,,,,,,,,1.95,6.28
,,,,,,,,,,,,,,,1.951,6.28
,,,,,,,,,,,,,,,1.952,6.28
,,,,,,,,,,,,,,,1.953,6.28
,,,,,,,,,,,,,,,1.954,6.24
,,,,,,,,,,,,,,,1.955,6.2
,,,,,,,,,,,,,,,1.956,6.28
,,,,,,,,,,,,,,,1.957,6.24
,,,,,,,,,,,,,,,1.958,6.24
,,,,,,,,,,,,,,,1.959,6.24
,,,,,,,,,,,,,,,1.96,6.24
,,,,,,,,,,,,,,,1.961,6.24
,,,,,,,,,,,,,,,1.962,6.28
,,,,,,,,,,,,,,,1.963,6.28
,,,,,,,,,,,,,,,1.964,6.24
,,,,,,,,,,,,,,,1.965,6.24
,,,,,,,,,,,,,,,1.966,6.24
,,,,,,,,,,,,,,,1.967,6.24
,,,,,,,,,,,,,,,1.968,6.28
,,,,,,,,,,,,,,,1.969,6.24
,,,,,,,,,,,,,,,1.97,6.28
,,,,,,,,,,,,,,,1.971,6.24
,,,,,,,,,,,,,,,1.972,6.28
,,,,,,,,,,,,,,,1.973,6.24
,,,,,,,,,,,,,,,1.974,6.28
,,,,,,,,,,,,,,,1.975,6.28
,,,,,,,,,,,,,,,1.976,6.24
,,,,,,,,,,,,,,,1.977,6.24
,,,,,,,,,,,,,,,1.978,6.24
,,,,,,,,,,,,,,,1.979,6.24
,,,,,,,,,,,,,,,1.98,6.28
,,,,,,,,,,,,,,,1.981,6.28
,,,,,,,,,,,,,,,1.982,6.28
,,,,,,,,,,,,,,,1.983,6.24
,,,,,,,,,,,,,,,1.984,6.28
,,,,,,,,,,,,,,,1.985,6.28
,,,,,,,,,,,,,,,1.986,6.28
,,,,,,,,,,,,,,,1.987,6.24
,,,,,,,,,,,,,,,1.988,6.28
,,,,,,,,,,,,,,,1.989,6.28
