T;V
-0.464;0
-0.462;-20
-0.46;0
-0.458;-20
-0.456;0
-0.454;0
-0.452;-20
-0.45;0
-0.448;0
-0.446;0
-0.444;0
-0.442;-20
-0.44;0
-0.438;0
-0.436;0
-0.434;0
-0.432;0
-0.43;-20
-0.428;-20
-0.426;0
-0.424;0
-0.422;0
-0.42;-20
-0.418;0
-0.416;0
-0.414;0
-0.412;0
-0.41;0
-0.408;0
-0.406;0
-0.404;0
-0.402;0
-0.4;-20
-0.398;-20
-0.396;0
-0.394;-20
-0.392;0
-0.39;0
-0.388;0
-0.386;-20
-0.384;0
-0.382;0
-0.38;0
-0.378;0
-0.376;0
-0.374;0
-0.372;-20
-0.37;0
-0.368;-20
-0.366;0
-0.364;0
-0.362;-20
-0.36;0
-0.358;-20
-0.356;-20
-0.354;0
-0.352;0
-0.35;0
-0.348;0
-0.346;-20
-0.344;0
-0.342;0
-0.34;0
-0.338;0
-0.336;0
-0.334;-20
-0.332;0
-0.33;0
-0.328;0
-0.326;0
-0.324;0
-0.322;-20
-0.32;-20
-0.318;0
-0.316;0
-0.314;0
-0.312;-20
-0.31;0
-0.308;0
-0.306;0
-0.304;0
-0.302;0
-0.3;0
-0.298;0
-0.296;0
-0.294;0
-0.292;0
-0.29;0
-0.288;0
-0.286;-20
-0.284;20
-0.282;0
-0.28;-20
-0.278;0
-0.276;0
-0.274;0
-0.272;0
-0.27;0
-0.268;0
-0.266;0
-0.264;20
-0.262;0
-0.26;0
-0.258;0
-0.256;0
-0.254;0
-0.252;-20
-0.25;-20
-0.248;0
-0.246;0
-0.244;0
-0.242;0
-0.24;0
-0.238;0
-0.236;0
-0.234;0
-0.232;0
-0.23;0
-0.228;0
-0.226;0
-0.224;0
-0.222;0
-0.22;0
-0.218;0
-0.216;0
-0.214;0
-0.212;0
-0.21;0
-0.208;0
-0.206;0
-0.204;0
-0.202;-20
-0.2;0
-0.198;0
-0.196;0
-0.194;-20
-0.192;0
-0.19;-20
-0.188;0
-0.186;-20
-0.184;-20
-0.182;-20
-0.18;-20
-0.178;0
-0.176;-20
-0.174;0
-0.172;0
-0.17;-20
-0.168;0
-0.166;0
-0.164;0
-0.162;0
-0.16;0
-0.158;0
-0.156;0
-0.154;0
-0.152;0
-0.15;0
-0.148;0
-0.146;0
-0.144;0
-0.142;-20
-0.14;0
-0.138;0
-0.136;0
-0.134;-20
-0.132;0
-0.13;0
-0.128;-20
-0.126;-20
-0.124;0
-0.122;0
-0.12;0
-0.118;0
-0.116;0
-0.114;0
-0.112;0
-0.11;0
-0.108;0
-0.106;-20
-0.104;0
-0.102;0
-0.1;0
-0.098;-20
-0.096;-20
-0.094;0
-0.092;0
-0.09;0
-0.088;0
-0.086;-20
-0.084;0
-0.082;20
-0.08;20
-0.078;60
-0.076;60
-0.074;80
-0.072;120
-0.07;120
-0.068;140
-0.066;160
-0.064;160
-0.062;180
-0.06;220
-0.058;220
-0.056;240
-0.054;260
-0.052;280
-0.05;280
-0.048;320
-0.046;340
-0.044;340
-0.042;360
-0.04;380
-0.038;380
-0.036;420
-0.034;460
-0.032;460
-0.03;480
-0.028;480
-0.026;480
-0.024;500
-0.022;500
-0.02;540
-0.018;560
-0.016;580
-0.014;580
-0.012;600
-0.01;600
-0.008;600
-0.006;640
-0.004;640
-0.002;660
0;660
0.002;680
0.004;680
0.006;700
0.008;720
0.01;740
0.012;740
0.014;760
0.016;760
0.018;780
0.02;780
0.022;800
0.024;800
0.026;840
0.028;840
0.03;860
0.032;860
0.034;860
0.036;880
0.038;900
0.04;900
0.042;920
0.044;920
0.046;940
0.048;960
0.05;960
0.052;980
0.054;980
0.056;960
0.058;1000
0.06;1020
0.062;1000
0.064;1040
0.066;1040
0.068;1040
0.07;1060
0.072;1060
0.074;1080
0.076;1080
0.078;1100
0.08;1100
0.082;1120
0.084;1120
0.086;1140
0.088;1140
0.09;1160
0.092;1160
0.094;1160
0.096;1180
0.098;1180
0.1;1200
0.102;1200
0.104;1220
0.106;1240
0.108;1240
0.11;1240
0.112;1240
0.114;1260
0.116;1260
0.118;1240
0.12;1260
0.122;1280
0.124;1280
0.126;1300
0.128;1300
0.13;1320
0.132;1320
0.134;1320
0.136;1340
0.138;1340
0.14;1340
0.142;1360
0.144;1360
0.146;1380
0.148;1360
0.15;1400
0.152;1380
0.154;1400
0.156;1400
0.158;1380
0.16;1420
0.162;1420
0.164;1420
0.166;1440
0.168;1440
0.17;1460
0.172;1460
0.174;1460
0.176;1460
0.178;1460
0.18;1480
0.182;1480
0.184;1500
0.186;1500
0.188;1500
0.19;1500
0.192;1500
0.194;1520
0.196;1520
0.198;1500
0.2;1540
0.202;1540
0.204;1540
0.206;1540
0.208;1540
0.21;1560
0.212;1560
0.214;1560
0.216;1560
0.218;1600
0.22;1580
0.222;1580
0.224;1580
0.226;1580
0.228;1600
0.23;1620
0.232;1620
0.234;1620
0.236;1620
0.238;1620
0.24;1620
0.242;1640
0.244;1620
0.246;1640
0.248;1640
0.25;1640
0.252;1660
0.254;1660
0.256;1660
0.258;1660
0.26;1660
0.262;1680
0.264;1680
0.266;1680
0.268;1680
0.27;1680
0.272;1680
0.274;1700
0.276;1700
0.278;1680
0.28;1700
0.282;1700
0.284;1700
0.286;1720
0.288;1720
0.29;1720
0.292;1700
0.294;1740
0.296;1720
0.298;1720
0.3;1740
0.302;1740
0.304;1740
0.306;1720
0.308;1740
0.31;1740
0.312;1780
0.314;1760
0.316;1740
0.318;1760
0.32;1760
0.322;1780
0.324;1780
0.326;1780
0.328;1760
0.33;1760
0.332;1780
0.334;1800
0.336;1800
0.338;1780
0.34;1800
0.342;1780
0.344;1800
0.346;1800
0.348;1800
0.35;1800
0.352;1800
0.354;1820
0.356;1820
0.358;1800
0.36;1800
0.362;1800
0.364;1820
0.366;1820
0.368;1840
0.37;1840
0.372;1840
0.374;1840
0.376;1840
0.378;1840
0.38;1840
0.382;1840
0.384;1840
0.386;1840
0.388;1840
0.39;1840
0.392;1840
0.394;1840
0.396;1840
0.398;1860
0.4;1860
0.402;1860
0.404;1880
0.406;1860
0.408;1860
0.41;1860
0.412;1860
0.414;1860
0.416;1860
0.418;1860
0.42;1860
0.422;1860
0.424;1880
0.426;1880
0.428;1860
0.43;1880
0.432;1880
0.434;1880
0.436;1880
0.438;1880
0.44;1880
0.442;1880
0.444;1900
0.446;1900
0.448;1900
0.45;1880
0.452;1880
0.454;1880
0.456;1880
0.458;1920
0.46;1900
0.462;1900
0.464;1900
0.466;1900
0.468;1900
0.47;1900
0.472;1900
0.474;1900
0.476;1900
0.478;1900
0.48;1900
0.482;1920
0.484;1900
0.486;1900
0.488;1940
0.49;1920
0.492;1920
0.494;1920
0.496;1920
0.498;1920
0.5;1920
0.502;1920
0.504;1940
0.506;1920
0.508;1920
0.51;1920
0.512;1940
0.514;1940
0.516;1940
0.518;1920
0.52;1920
0.522;1940
0.524;1940
0.526;1920
0.528;1940
0.53;1920
0.532;1940
0.534;1940
0.536;1940
0.538;1940
0.54;1940
0.542;1940
0.544;1940
0.546;1920
0.548;1940
0.55;1940
0.552;1940
0.554;1940
0.556;1940
0.558;1940
0.56;1940
0.562;1940
0.564;1960
0.566;1940
0.568;1960
0.57;1940
0.572;1940
0.574;1960
0.576;1980
0.578;1940
0.58;1960
0.582;1960
0.584;1940
0.586;1940
0.588;1940
0.59;1940
0.592;1960
0.594;1960
0.596;1960
0.598;1960
0.6;1960
0.602;1960
0.604;1980
0.606;1940
0.608;1980
0.61;1960
0.612;1960
0.614;1980
0.616;1960
0.618;1980
0.62;1960
0.622;1960
0.624;1940
0.626;1980
0.628;1960
0.63;1980
0.632;1980
0.634;1980
0.636;1980
0.638;1980
0.64;1980
0.642;1980
0.644;1960
0.646;1960
0.648;1960
0.65;1980
0.652;1980
0.654;1980
0.656;1980
0.658;1980
0.66;1960
0.662;1960
0.664;1980
0.666;1980
0.668;1980
0.67;1980
0.672;2000
0.674;1980
0.676;1960
0.678;1980
0.68;1960
0.682;1960
0.684;1980
0.686;1980
0.688;1980
0.69;1960
0.692;1980
0.694;1980
0.696;1960
0.698;1980
0.7;1980
0.702;1980
0.704;1980
0.706;1980
0.708;1980
0.71;1980
0.712;1980
0.714;1980
0.716;1980
0.718;1980
0.72;1980
0.722;1980
0.724;1960
0.726;1960
0.728;1980
0.73;1980
0.732;1980
0.734;2000
0.736;1980
0.738;1980
0.74;1980
0.742;2000
0.744;1980
0.746;1980
0.748;2000
0.75;1980
0.752;1980
0.754;1980
0.756;2000
0.758;2000
0.76;2000
0.762;2000
0.764;1980
0.766;1980
0.768;2000
0.77;1980
0.772;1980
0.774;2000
0.776;1980
0.778;2000
0.78;2000
0.782;1980
0.784;2000
0.786;1980
0.788;1980
0.79;2000
0.792;2000
0.794;2000
0.796;1980
0.798;1980
0.8;2000
0.802;2000
0.804;2000
0.806;2000
0.808;2000
0.81;1980
0.812;1980
0.814;2000
0.816;1980
0.818;2000
0.82;1980
0.822;1980
0.824;2000
0.826;2000
0.828;2020
0.83;2000
0.832;2020
0.834;2000
0.836;2000
0.838;2000
0.84;2000
0.842;2000
0.844;1980
0.846;2000
0.848;2000
0.85;1980
0.852;1980
0.854;2000
0.856;2000
0.858;2000
0.86;2020
0.862;2000
0.864;2000
0.866;1980
0.868;2000
0.87;2020
0.872;2020
0.874;1980
0.876;2020
0.878;2000
0.88;2000
0.882;2020
0.884;2000
0.886;2020
0.888;2020
0.89;2000
0.892;2000
0.894;2000
0.896;2000
0.898;2020
0.9;2000
0.902;2000
0.904;2000
0.906;2020
0.908;2020
0.91;2020
0.912;2020
0.914;2000
0.916;2020
0.918;1980
0.92;2000
0.922;2000
0.924;2000
0.926;2000
0.928;2000
0.93;2000
0.932;2020
0.934;2000
0.936;2020
0.938;2020
0.94;2000
0.942;2020
0.944;2020
0.946;2000
0.948;2000
0.95;2020
0.952;2020
0.954;2000
0.956;2000
0.958;1980
0.96;2020
0.962;2000
0.964;2000
0.966;2020
0.968;2000
0.97;2000
0.972;2000
0.974;2000
0.976;2040
0.978;2000
0.98;2020
0.982;2020
0.984;2000
0.986;2020
0.988;2020
0.99;2000
0.992;2000
0.994;2000
0.996;2000
0.998;1980
1;2000
1.002;2000
1.004;2020
1.006;2020
1.008;2020
1.01;2020
1.012;2000
1.014;2020
1.016;2020
1.018;2000
1.02;2020
1.022;2000
1.024;2020
1.026;2020
1.028;2020
1.03;2020
1.032;2000
1.034;2020
1.036;2020
1.038;2020
1.04;2020
1.042;2000
1.044;2000
1.046;2020
1.048;2020
1.05;2000
1.052;2020
1.054;2000
1.056;2020
1.058;2000
1.06;2000
1.062;2020
1.064;2020
1.066;2000
1.068;2020
1.07;2000
1.072;2020
1.074;2000
1.076;2020
1.078;2020
1.08;2000
1.082;2040
1.084;2020
1.086;2000
1.088;2000
1.09;2020
1.092;2020
1.094;2020
1.096;2020
1.098;2000
1.1;2020
1.102;2020
1.104;2020
1.106;2020
1.108;2000
1.11;2020
1.112;2020
1.114;2000
1.116;2000
1.118;2020
1.12;2000
1.122;2020
1.124;2000
1.126;2000
1.128;2020
1.13;2020
1.132;2000
1.134;2020
1.136;2000
1.138;2000
1.14;2020
1.142;2020
1.144;2020
1.146;2020
1.148;2020
1.15;2020
1.152;2020
1.154;2000
1.156;2020
1.158;2020
1.16;2000
1.162;2020
1.164;2000
1.166;2020
1.168;2000
1.17;2020
1.172;2020
1.174;2020
1.176;2020
1.178;2020
1.18;2020
1.182;2020
1.184;2040
1.186;2020
1.188;2020
1.19;2020
1.192;2020
1.194;2020
1.196;2020
1.198;2020
1.2;2020
1.202;2000
1.204;2020
1.206;2020
1.208;2040
1.21;2020
1.212;2000
1.214;2000
1.216;2020
1.218;2020
1.22;2000
1.222;2000
1.224;2020
1.226;2020
1.228;2020
1.23;2000
1.232;2020
1.234;2000
1.236;2020
1.238;2020
1.24;2020
1.242;2040
1.244;2020
1.246;2000
1.248;2040
1.25;2040
1.252;2020
1.254;2020
1.256;2020
1.258;2020
1.26;2040
1.262;2020
1.264;2020
1.266;2020
1.268;2020
1.27;2040
1.272;2020
1.274;2020
1.276;2020
1.278;2020
1.28;2020
1.282;2040
1.284;2020
1.286;2040
1.288;2040
1.29;2020
1.292;2020
1.294;2020
1.296;2020
1.298;2020
1.3;2020
1.302;2020
1.304;2020
1.306;2020
1.308;2020
1.31;2020
1.312;2020
1.314;2020
1.316;2020
1.318;2020
1.32;2000
1.322;2020
1.324;2000
1.326;2020
1.328;2020
1.33;2020
1.332;2040
1.334;2000
1.336;2000
1.338;2020
1.34;2000
1.342;2020
1.344;2020
1.346;2020
1.348;2000
1.35;2000
1.352;2000
1.354;2020
1.356;2020
1.358;2020
1.36;2000
1.362;2020
1.364;2020
1.366;2020
1.368;2000
1.37;2020
1.372;2020
1.374;2000
1.376;2020
1.378;2020
1.38;2020
1.382;2020
1.384;2020
1.386;2020
1.388;2000
1.39;2020
1.392;2020
1.394;2020
1.396;2020
1.398;2020
1.4;2020
1.402;2040
1.404;2020
1.406;2020
1.408;2020
1.41;2000
1.412;2020
1.414;2000
1.416;2020
1.418;2020
1.42;2020
1.422;2000
1.424;2020
1.426;2020
1.428;2000
1.43;2020
1.432;2020
1.434;2020
1.436;2020
1.438;2040
1.44;2020
1.442;2000
1.444;2000
1.446;2020
1.448;2040
1.45;2020
1.452;2020
1.454;2020
1.456;2020
1.458;2020
1.46;2020
1.462;2020
1.464;2020
1.466;2000
1.468;2020
1.47;2020
1.472;2020
1.474;2020
1.476;2000
1.478;2040
1.48;2020
1.482;2020
1.484;2020
1.486;2020
1.488;2020
1.49;2000
1.492;2020
1.494;2020
1.496;2040
1.498;2020
1.5;2020
1.502;2000
1.504;2020
1.506;2020
1.508;2020
1.51;2020
1.512;2000
1.514;2020
1.516;2020
1.518;2040
1.52;2020
1.522;2020
1.524;2020
1.526;2020
1.528;2020
1.53;2020
1.532;2020
1.534;2020
1.536;2020
1.538;2020
1.54;2020
1.542;2020
1.544;2020
1.546;2020
1.548;2020
1.55;2000
1.552;2020
1.554;2020
1.556;2020
1.558;2020
1.56;2020
1.562;2020
1.564;2020
1.566;2020
1.568;2000
1.57;2020
1.572;2040
1.574;2020
1.576;2000
1.578;2000
1.58;2020
1.582;2020
1.584;2040
1.586;2040
1.588;2020
1.59;2020
1.592;2020
1.594;2000
1.596;2020
1.598;2020
1.6;2020
1.602;2020
1.604;2000
1.606;2020
1.608;2020
1.61;2000
1.612;2000
1.614;2000
1.616;2020
1.618;2020
1.62;2020
1.622;2020
1.624;2020
1.626;2020
1.628;2040
1.63;2020
1.632;2000
1.634;2020
1.636;2020
1.638;2020
1.64;2020
1.642;2020
1.644;2020
1.646;2040
1.648;2000
1.65;2000
1.652;2020
1.654;2020
1.656;2020
1.658;2020
1.66;2020
1.662;2020
1.664;2020
1.666;2000
1.668;2020
1.67;2020
1.672;2020
1.674;2020
1.676;2020
1.678;2020
1.68;2040
1.682;2020
1.684;2020
1.686;2040
1.688;2000
1.69;2020
1.692;2020
1.694;2020
1.696;2040
1.698;2020
1.7;2020
1.702;2020
1.704;2020
1.706;2000
1.708;2000
1.71;2020
1.712;2020
1.714;2020
1.716;2020
1.718;2040
1.72;2020
1.722;2020
1.724;2020
1.726;2020
1.728;2020
1.73;2020
1.732;2020
1.734;2040
1.736;2020
1.738;2020
1.74;2020
1.742;2020
1.744;2020
1.746;2020
1.748;2020
1.75;2020
1.752;2020
1.754;2020
1.756;2020
1.758;2040
1.76;2020
1.762;2020
1.764;2020
1.766;2000
1.768;2020
1.77;2020
1.772;2020
1.774;2020
1.776;2020
1.778;2000
1.78;2020
1.782;2000
1.784;2000
1.786;2020
1.788;2020
1.79;2020
1.792;2020
1.794;2020
1.796;2020
1.798;2020
1.8;2020
1.802;2020
1.804;2020
1.806;2020
1.808;2000
1.81;2040
1.812;2020
1.814;2020
1.816;2020
1.818;2040
1.82;2000
1.822;2020
1.824;2020
1.826;2020
1.828;2000
1.83;2020
1.832;2020
1.834;2020
1.836;2020
1.838;2000
1.84;2020
1.842;2020
1.844;2040
1.846;2020
1.848;2000
1.85;2020
1.852;2000
1.854;2020
1.856;2020
1.858;1980
1.86;1980
1.862;1980
1.864;1980
1.866;1980
1.868;2000
1.87;1980
1.872;1980
1.874;1960
1.876;1980
1.878;1960
1.88;1960
1.882;1940
1.884;1940
1.886;1980
1.888;1940
1.89;1940
1.892;1940
1.894;1940
1.896;1920
1.898;1920
1.9;1940
1.902;1940
1.904;1940
1.906;1920
1.908;1920
1.91;1940
1.912;1940
1.914;1900
1.916;1900
1.918;1900
1.92;1900
1.922;1900
1.924;1900
1.926;1900
1.928;1880
1.93;1880
1.932;1880
1.934;1880
1.936;1880
1.938;1880
1.94;1880
1.942;1880
1.944;1880
1.946;1880
1.948;1860
1.95;1880
1.952;1880
1.954;1880
1.956;1860
1.958;1840
1.96;1860
1.962;1860
1.964;1860
1.966;1860
1.968;1840
1.97;1860
1.972;1840
1.974;1840
1.976;1840
1.978;1840
1.98;1840
1.982;1840
1.984;1820
1.986;1820
1.988;1820
1.99;1840
1.992;1840
1.994;1820
1.996;1800
1.998;1820
2;1800
2.002;1840
2.004;1820
2.006;1800
2.008;1800
2.01;1800
2.012;1800
2.014;1800
2.016;1800
2.018;1800
2.02;1780
2.022;1800
2.024;1800
2.026;1800
2.028;1800
2.03;1780
2.032;1800
2.034;1780
2.036;1800
2.038;1800
2.04;1780
2.042;1800
2.044;1800
2.046;1780
2.048;1760
2.05;1780
2.052;1780
2.054;1760
2.056;1740
2.058;1760
2.06;1760
2.062;1780
2.064;1760
2.066;1740
2.068;1760
2.07;1740
2.072;1740
2.074;1740
2.076;1760
2.078;1740
2.08;1740
2.082;1740
2.084;1720
2.086;1740
2.088;1740
2.09;1740
2.092;1720
2.094;1720
2.096;1740
2.098;1720
2.1;1720
2.102;1740
2.104;1720
2.106;1720
2.108;1720
2.11;1740
2.112;1740
2.114;1700
2.116;1700
2.118;1700
2.12;1700
2.122;1700
2.124;1700
2.126;1700
2.128;1700
2.13;1700
2.132;1700
2.134;1700
2.136;1700
2.138;1680
2.14;1700
2.142;1680
2.144;1680
2.146;1700
2.148;1680
2.15;1680
2.152;1700
2.154;1680
2.156;1680
2.158;1680
2.16;1680
2.162;1680
2.164;1660
2.166;1680
2.168;1680
2.17;1660
2.172;1660
2.174;1680
2.176;1660
2.178;1660
2.18;1660
2.182;1660
2.184;1660
2.186;1660
2.188;1660
2.19;1660
2.192;1660
2.194;1640
2.196;1660
2.198;1660
2.2;1660
2.202;1640
2.204;1640
2.206;1640
2.208;1660
2.21;1640
2.212;1660
2.214;1640
2.216;1640
2.218;1640
2.22;1620
2.222;1640
2.224;1640
2.226;1620
2.228;1640
2.23;1620
2.232;1620
2.234;1620
2.236;1640
2.238;1620
2.24;1620
2.242;1620
2.244;1600
2.246;1620
2.248;1600
2.25;1620
2.252;1600
2.254;1600
2.256;1600
2.258;1600
2.26;1600
2.262;1620
2.264;1580
2.266;1620
2.268;1600
2.27;1600
2.272;1600
2.274;1580
2.276;1600
2.278;1600
2.28;1600
2.282;1600
2.284;1600
2.286;1600
2.288;1580
2.29;1580
2.292;1580
2.294;1600
2.296;1580
2.298;1600
2.3;1580
2.302;1580
2.304;1580
2.306;1560
2.308;1560
2.31;1560
2.312;1580
2.314;1560
2.316;1560
2.318;1560
2.32;1560
2.322;1540
2.324;1560
2.326;1540
2.328;1540
2.33;1560
2.332;1560
2.334;1540
2.336;1540
2.338;1540
2.34;1540
2.342;1560
2.344;1540
2.346;1540
2.348;1540
2.35;1560
2.352;1540
2.354;1540
2.356;1540
2.358;1540
2.36;1520
2.362;1520
2.364;1520
2.366;1540
2.368;1520
2.37;1540
2.372;1520
2.374;1540
2.376;1520
2.378;1520
2.38;1520
2.382;1520
2.384;1520
2.386;1500
2.388;1500
2.39;1500
2.392;1520
2.394;1500
2.396;1500
2.398;1520
2.4;1500
2.402;1500
2.404;1520
2.406;1520
2.408;1520
2.41;1500
2.412;1500
2.414;1500
2.416;1480
2.418;1500
2.42;1500
2.422;1480
2.424;1500
2.426;1500
2.428;1480
2.43;1480
2.432;1500
2.434;1480
2.436;1480
2.438;1480
2.44;1480
2.442;1480
2.444;1480
2.446;1480
2.448;1480
2.45;1480
2.452;1480
2.454;1480
2.456;1460
2.458;1480
2.46;1460
2.462;1460
2.464;1480
2.466;1480
2.468;1480
2.47;1460
2.472;1440
2.474;1460
2.476;1480
2.478;1460
2.48;1460
2.482;1440
2.484;1480
2.486;1440
2.488;1460
2.49;1440
2.492;1440
2.494;1440
2.496;1460
2.498;1460
2.5;1440
2.502;1460
2.504;1440
2.506;1440
2.508;1440
2.51;1440
2.512;1440
2.514;1440
2.516;1440
2.518;1420
2.52;1420
2.522;1420
2.524;1440
2.526;1420
2.528;1420
2.53;1420
2.532;1420
2.534;1420
2.536;1420
2.538;1420
2.54;1420
2.542;1420
2.544;1420
2.546;1400
2.548;1400
2.55;1400
2.552;1420
2.554;1400
2.556;1420
2.558;1400
2.56;1400
2.562;1400
2.564;1400
2.566;1400
2.568;1400
2.57;1400
2.572;1420
2.574;1400
2.576;1380
2.578;1400
2.58;1400
2.582;1380
2.584;1400
2.586;1400
2.588;1360
2.59;1380
2.592;1380
2.594;1380
2.596;1380
2.598;1380
2.6;1380
2.602;1360
2.604;1380
2.606;1380
2.608;1360
2.61;1380
2.612;1380
2.614;1380
2.616;1360
2.618;1360
2.62;1360
2.622;1380
2.624;1380
2.626;1360
2.628;1380
2.63;1360
2.632;1340
2.634;1360
2.636;1360
2.638;1380
2.64;1340
2.642;1340
2.644;1340
2.646;1340
2.648;1360
2.65;1340
2.652;1340
2.654;1340
2.656;1340
2.658;1340
2.66;1340
2.662;1340
2.664;1340
2.666;1340
2.668;1340
2.67;1340
2.672;1340
2.674;1340
2.676;1340
2.678;1340
2.68;1340
2.682;1320
2.684;1340
2.686;1340
2.688;1340
2.69;1320
2.692;1340
2.694;1340
2.696;1340
2.698;1320
2.7;1320
2.702;1340
2.704;1320
2.706;1340
2.708;1340
2.71;1340
2.712;1300
2.714;1320
2.716;1300
2.718;1300
2.72;1300
2.722;1300
2.724;1320
2.726;1300
2.728;1300
2.73;1300
2.732;1300
2.734;1320
2.736;1320
2.738;1300
2.74;1300
2.742;1320
2.744;1300
2.746;1300
2.748;1300
2.75;1300
2.752;1280
2.754;1320
2.756;1300
2.758;1300
2.76;1300
2.762;1280
2.764;1300
2.766;1280
2.768;1300
2.77;1280
2.772;1280
2.774;1280
2.776;1280
2.778;1280
2.78;1280
2.782;1280
2.784;1260
2.786;1260
2.788;1300
2.79;1300
2.792;1280
2.794;1260
2.796;1280
2.798;1260
2.8;1280
2.802;1260
2.804;1260
2.806;1260
2.808;1240
2.81;1260
2.812;1260
2.814;1260
2.816;1260
2.818;1260
2.82;1260
2.822;1240
2.824;1260
2.826;1240
2.828;1260
2.83;1240
2.832;1260
2.834;1240
2.836;1240
2.838;1240
2.84;1240
2.842;1260
2.844;1240
2.846;1240
2.848;1240
2.85;1240
2.852;1240
2.854;1240
2.856;1220
2.858;1240
2.86;1220
2.862;1240
2.864;1220
2.866;1240
2.868;1240
2.87;1220
2.872;1240
2.874;1240
2.876;1240
2.878;1220
2.88;1220
2.882;1220
2.884;1220
2.886;1200
2.888;1200
2.89;1220
2.892;1200
2.894;1220
2.896;1240
2.898;1200
2.9;1220
2.902;1220
2.904;1220
2.906;1220
2.908;1200
2.91;1200
2.912;1220
2.914;1200
2.916;1200
2.918;1200
2.92;1200
2.922;1200
2.924;1200
2.926;1200
2.928;1200
2.93;1180
2.932;1200
2.934;1200
2.936;1200
2.938;1200
2.94;1180
2.942;1200
2.944;1180
2.946;1180
2.948;1180
2.95;1180
2.952;1200
2.954;1200
2.956;1200
2.958;1180
2.96;1180
2.962;1180
2.964;1180
2.966;1180
2.968;1180
2.97;1180
2.972;1160
2.974;1160
2.976;1180
2.978;1160
2.98;1180
2.982;1160
2.984;1180
2.986;1160
2.988;1160
2.99;1160
2.992;1160
2.994;1160
2.996;1160
2.998;1160
3;1160
3.002;1160
3.004;1160
3.006;1140
3.008;1160
3.01;1160
3.012;1140
3.014;1160
3.016;1160
3.018;1180
3.02;1160
3.022;1160
3.024;1140
3.026;1160
3.028;1140
3.03;1160
3.032;1140
3.034;1160
3.036;1160
3.038;1160
3.04;1140
3.042;1140
3.044;1140
3.046;1160
3.048;1140
3.05;1140
3.052;1120
3.054;1140
3.056;1160
3.058;1140
3.06;1120
3.062;1140
3.064;1120
3.066;1140
3.068;1140
3.07;1140
3.072;1140
3.074;1160
3.076;1140
3.078;1140
3.08;1120
3.082;1120
3.084;1140
3.086;1140
3.088;1140
3.09;1120
3.092;1120
3.094;1100
3.096;1120
3.098;1120
3.1;1100
3.102;1100
3.104;1100
3.106;1120
3.108;1120
3.11;1100
3.112;1100
3.114;1100
3.116;1100
3.118;1100
3.12;1100
3.122;1100
3.124;1100
3.126;1100
3.128;1100
3.13;1080
3.132;1100
3.134;1100
3.136;1100
3.138;1100
3.14;1100
3.142;1100
3.144;1100
3.146;1100
3.148;1100
3.15;1100
3.152;1080
3.154;1080
3.156;1080
3.158;1080
3.16;1080
3.162;1100
3.164;1080
3.166;1100
3.168;1080
3.17;1080
3.172;1080
3.174;1080
3.176;1080
3.178;1080
3.18;1080
3.182;1060
3.184;1080
3.186;1060
3.188;1080
3.19;1060
3.192;1060
3.194;1060
3.196;1080
3.198;1060
3.2;1080
3.202;1060
3.204;1060
3.206;1060
3.208;1060
3.21;1060
3.212;1060
3.214;1060
3.216;1060
3.218;1060
3.22;1040
3.222;1040
3.224;1060
3.226;1060
3.228;1060
3.23;1040
3.232;1060
3.234;1040
3.236;1060
3.238;1060
3.24;1060
3.242;1060
3.244;1040
3.246;1060
3.248;1040
3.25;1060
3.252;1060
3.254;1040
3.256;1060
3.258;1040
3.26;1040
3.262;1040
3.264;1020
3.266;1020
3.268;1040
3.27;1040
3.272;1020
3.274;1040
3.276;1020
3.278;1040
3.28;1040
3.282;1040
3.284;1020
3.286;1020
3.288;1020
3.29;1020
3.292;1040
3.294;1020
3.296;1020
3.298;1040
3.3;1020
3.302;1020
3.304;1020
3.306;1020
3.308;1020
3.31;1020
3.312;1020
3.314;1040
3.316;1000
3.318;1020
3.32;1020
3.322;1020
3.324;1000
3.326;1000
3.328;980
3.33;1000
3.332;1000
3.334;1020
3.336;1020
3.338;1000
3.34;1000
3.342;1000
3.344;1000
3.346;1020
3.348;1000
3.35;1000
3.352;1000
3.354;1000
3.356;1000
3.358;1000
3.36;1000
3.362;980
3.364;980
3.366;980
3.368;980
3.37;980
3.372;1000
3.374;980
3.376;980
3.378;1000
3.38;960
3.382;980
3.384;980
3.386;980
3.388;980
3.39;980
3.392;1000
3.394;980
3.396;960
3.398;960
3.4;980
3.402;980
3.404;980
3.406;960
3.408;960
3.41;960
3.412;960
3.414;960
3.416;960
3.418;960
3.42;960
3.422;960
3.424;960
3.426;980
3.428;960
3.43;960
3.432;960
3.434;960
3.436;960
3.438;960
3.44;960
3.442;960
3.444;960
3.446;960
3.448;940
3.45;960
3.452;960
3.454;960
3.456;960
3.458;960
3.46;940
3.462;940
3.464;960
3.466;960
3.468;940
3.47;940
3.472;940
3.474;960
3.476;940
3.478;960
3.48;940
3.482;960
3.484;940
3.486;940
3.488;940
3.49;940
3.492;960
3.494;920
3.496;920
3.498;940
3.5;940
3.502;960
3.504;920
3.506;920
3.508;940
3.51;940
3.512;920
3.514;940
3.516;920
3.518;920
3.52;920
3.522;940
3.524;920
3.526;920
3.528;940
3.53;920
3.532;920
3.534;920
3.536;920
3.538;940
3.54;920
3.542;900
3.544;920
3.546;920
3.548;900
3.55;920
3.552;900
3.554;920
3.556;920
3.558;900
3.56;920
3.562;900
3.564;920
3.566;920
3.568;920
3.57;920
3.572;900
3.574;900
3.576;900
3.578;920
3.58;900
3.582;900
3.584;900
3.586;880
3.588;900
3.59;900
3.592;900
3.594;900
3.596;900
3.598;900
3.6;900
3.602;900
3.604;900
3.606;880
3.608;880
3.61;900
3.612;880
3.614;880
3.616;900
3.618;880
3.62;900
3.622;880
3.624;880
3.626;880
3.628;900
3.63;860
3.632;880
3.634;880
3.636;880
3.638;900
3.64;880
3.642;880
3.644;880
3.646;880
3.648;880
3.65;880
3.652;880
3.654;880
3.656;900
3.658;860
3.66;880
3.662;880
3.664;880
3.666;860
3.668;860
3.67;880
3.672;860
3.674;860
3.676;880
3.678;860
3.68;860
3.682;860
3.684;880
3.686;860
3.688;860
3.69;860
3.692;840
3.694;860
3.696;860
3.698;860
3.7;840
3.702;840
3.704;860
3.706;840
3.708;840
3.71;840
3.712;840
3.714;840
3.716;840
3.718;860
3.72;840
3.722;840
3.724;840
3.726;860
3.728;840
3.73;840
3.732;860
3.734;840
3.736;820
3.738;860
3.74;840
3.742;840
3.744;840
3.746;840
3.748;840
3.75;840
3.752;860
3.754;840
3.756;840
3.758;840
3.76;840
3.762;840
3.764;820
3.766;840
3.768;840
3.77;840
3.772;840
3.774;820
3.776;820
3.778;840
3.78;820
3.782;820
3.784;820
3.786;840
3.788;840
3.79;840
3.792;820
3.794;840
3.796;820
3.798;820
3.8;820
3.802;840
3.804;820
3.806;800
3.808;820
3.81;820
3.812;820
3.814;820
3.816;800
3.818;820
3.82;820
3.822;820
3.824;800
3.826;820
3.828;820
3.83;820
3.832;800
3.834;800
3.836;800
3.838;820
3.84;820
3.842;800
3.844;800
3.846;800
3.848;820
3.85;800
3.852;800
3.854;820
3.856;820
3.858;800
3.86;800
3.862;800
3.864;800
3.866;800
3.868;800
3.87;800
3.872;800
3.874;800
3.876;780
3.878;780
3.88;780
3.882;800
3.884;780
3.886;780
3.888;780
3.89;800
3.892;780
3.894;780
3.896;780
3.898;780
3.9;780
3.902;800
3.904;780
3.906;780
3.908;780
3.91;780
3.912;780
3.914;780
3.916;780
3.918;780
3.92;780
3.922;780
3.924;780
3.926;780
3.928;760
3.93;760
3.932;780
3.934;780
3.936;760
3.938;780
3.94;780
3.942;780
3.944;760
3.946;780
3.948;760
3.95;780
3.952;780
3.954;780
3.956;780
3.958;780
3.96;780
3.962;760
3.964;760
3.966;780
3.968;760
3.97;760
3.972;760
3.974;780
3.976;760
3.978;760
3.98;760
3.982;780
3.984;760
3.986;760
3.988;760
3.99;740
3.992;760
3.994;760
3.996;760
3.998;760
4;760
4.002;740
4.004;760
4.006;760
4.008;740
4.01;740
4.012;740
4.014;740
4.016;740
4.018;760
4.02;740
4.022;740
4.024;740
4.026;740
4.028;760
4.03;760
4.032;740
4.034;740
4.036;740
4.038;740
4.04;740
4.042;760
4.044;720
4.046;740
4.048;740
4.05;740
4.052;740
4.054;740
4.056;740
4.058;740
4.06;740
4.062;720
4.064;740
4.066;740
4.068;720
4.07;740
4.072;720
4.074;740
4.076;740
4.078;740
4.08;740
4.082;720
4.084;740
4.086;720
4.088;720
4.09;720
4.092;720
4.094;720
4.096;700
4.098;720
4.1;740
4.102;720
4.104;720
4.106;720
4.108;720
4.11;720
4.112;720
4.114;700
4.116;700
4.118;700
4.12;700
4.122;720
4.124;720
4.126;700
4.128;700
4.13;720
4.132;700
4.134;700
4.136;700
4.138;720
4.14;700
4.142;700
4.144;700
4.146;700
4.148;700
4.15;700
4.152;700
4.154;700
4.156;700
4.158;700
4.16;700
4.162;700
4.164;700
4.166;680
4.168;700
4.17;700
4.172;700
4.174;700
4.176;720
4.178;680
4.18;700
4.182;700
4.184;700
4.186;680
4.188;700
4.19;700
4.192;700
4.194;680
4.196;680
4.198;700
4.2;680
4.202;700
4.204;700
4.206;680
4.208;700
4.21;680
4.212;680
4.214;680
4.216;700
4.218;680
4.22;680
4.222;680
4.224;680
4.226;680
4.228;680
4.23;700
4.232;660
4.234;680
4.236;680
4.238;680
4.24;680
4.242;680
4.244;680
4.246;680
4.248;680
4.25;680
4.252;680
4.254;680
4.256;660
4.258;660
4.26;680
4.262;680
4.264;680
4.266;660
4.268;680
4.27;660
4.272;660
4.274;660
4.276;660
4.278;680
4.28;660
4.282;660
4.284;660
4.286;700
4.288;660
4.29;660
4.292;660
4.294;660
4.296;660
4.298;660
4.3;680
4.302;660
4.304;660
4.306;680
4.308;660
4.31;640
4.312;660
4.314;640
4.316;640
4.318;660
4.32;640
4.322;640
4.324;640
4.326;640
4.328;640
4.33;660
4.332;640
4.334;660
4.336;660
4.338;640
4.34;640
4.342;640
4.344;640
4.346;640
4.348;640
4.35;640
4.352;640
4.354;640
4.356;660
4.358;640
4.36;640
4.362;640
4.364;620
4.366;640
4.368;640
4.37;640
4.372;620
4.374;640
4.376;640
4.378;640
4.38;660
4.382;640
4.384;620
4.386;640
4.388;640
4.39;620
4.392;640
4.394;640
4.396;640
4.398;640
4.4;620
4.402;620
4.404;620
4.406;620
4.408;620
4.41;660
4.412;620
4.414;620
4.416;620
4.418;620
4.42;640
4.422;620
4.424;620
4.426;620
4.428;640
4.43;640
4.432;640
4.434;600
4.436;640
4.438;620
4.44;620
4.442;640
4.444;620
4.446;640
4.448;620
4.45;620
4.452;620
4.454;620
4.456;620
4.458;620
4.46;620
4.462;620
4.464;620
4.466;600
4.468;620
4.47;620
4.472;620
4.474;620
4.476;600
4.478;620
4.48;620
4.482;600
4.484;600
4.486;620
4.488;620
4.49;620
4.492;620
4.494;620
4.496;600
4.498;600
4.464;620
4.466;600
4.468;620
4.47;620
4.472;620
4.474;620
4.476;600
4.478;620
4.48;620
4.482;600
4.484;600
4.486;620
4.488;620
4.49;620
4.492;620
4.494;620
4.496;600
4.498;600
