,,,T,V
Record Length,2500,,-0.5,20
Sample Interval,0.002,,-0.498,0
Trigger Point,250,,-0.496,0
,,,-0.494,0
,,,-0.492,40
,,,-0.49,20
Source,CH1,,-0.488,20
Vertical Units,V,,-0.486,0
Vertical Scale,500,,-0.484,0
Vertical Offset,-1120,,-0.482,0
Horizontal Units,s,,-0.48,0
Horizontal Scale,0.5,,-0.478,0
Pt Fmt,Y,,-0.476,0
Yzero,0,,-0.474,0
Probe Atten,1000,,-0.472,0
Model Number,TDS2014C,,-0.47,0
Serial Number,C014547,,-0.468,0
Firmware Version,FV:v24.18 rus,,-0.466,0
,,,-0.464,20
,,,-0.462,0
,,,-0.46,0
,,,-0.458,20
,,,-0.456,0
,,,-0.454,0
,,,-0.452,0
,,,-0.45,0
,,,-0.448,0
,,,-0.446,0
,,,-0.444,0
,,,-0.442,20
,,,-0.44,0
,,,-0.438,0
,,,-0.436,0
,,,-0.434,0
,,,-0.432,0
,,,-0.43,0
,,,-0.428,0
,,,-0.426,0
,,,-0.424,20
,,,-0.422,0
,,,-0.42,0
,,,-0.418,0
,,,-0.416,0
,,,-0.414,0
,,,-0.412,-20
,,,-0.41,20
,,,-0.408,20
,,,-0.406,0
,,,-0.404,0
,,,-0.402,0
,,,-0.4,0
,,,-0.398,0
,,,-0.396,0
,,,-0.394,20
,,,-0.392,0
,,,-0.39,0
,,,-0.388,0
,,,-0.386,0
,,,-0.384,0
,,,-0.382,0
,,,-0.38,0
,,,-0.378,0
,,,-0.376,20
,,,-0.374,20
,,,-0.372,20
,,,-0.37,0
,,,-0.368,20
,,,-0.366,0
,,,-0.364,0
,,,-0.362,0
,,,-0.36,0
,,,-0.358,0
,,,-0.356,20
,,,-0.354,0
,,,-0.352,0
,,,-0.35,0
,,,-0.348,20
,,,-0.346,20
,,,-0.344,0
,,,-0.342,0
,,,-0.34,0
,,,-0.338,0
,,,-0.336,20
,,,-0.334,0
,,,-0.332,0
,,,-0.33,0
,,,-0.328,20
,,,-0.326,0
,,,-0.324,0
,,,-0.322,0
,,,-0.32,0
,,,-0.318,0
,,,-0.316,0
,,,-0.314,0
,,,-0.312,0
,,,-0.31,20
,,,-0.308,0
,,,-0.306,0
,,,-0.304,0
,,,-0.302,0
,,,-0.3,0
,,,-0.298,20
,,,-0.296,20
,,,-0.294,0
,,,-0.292,0
,,,-0.29,0
,,,-0.288,0
,,,-0.286,0
,,,-0.284,-20
,,,-0.282,0
,,,-0.28,20
,,,-0.278,0
,,,-0.276,0
,,,-0.274,20
,,,-0.272,0
,,,-0.27,0
,,,-0.268,0
,,,-0.266,0
,,,-0.264,0
,,,-0.262,0
,,,-0.26,0
,,,-0.258,20
,,,-0.256,0
,,,-0.254,-20
,,,-0.252,0
,,,-0.25,-20
,,,-0.248,0
,,,-0.246,0
,,,-0.244,0
,,,-0.242,20
,,,-0.24,0
,,,-0.238,0
,,,-0.236,0
,,,-0.234,20
,,,-0.232,-20
,,,-0.23,0
,,,-0.228,0
,,,-0.226,0
,,,-0.224,0
,,,-0.222,0
,,,-0.22,0
,,,-0.218,0
,,,-0.216,0
,,,-0.214,0
,,,-0.212,0
,,,-0.21,0
,,,-0.208,0
,,,-0.206,0
,,,-0.204,0
,,,-0.202,0
,,,-0.2,0
,,,-0.198,20
,,,-0.196,0
,,,-0.194,0
,,,-0.192,0
,,,-0.19,-20
,,,-0.188,20
,,,-0.186,20
,,,-0.184,0
,,,-0.182,0
,,,-0.18,20
,,,-0.178,0
,,,-0.176,0
,,,-0.174,0
,,,-0.172,0
,,,-0.17,0
,,,-0.168,0
,,,-0.166,0
,,,-0.164,0
,,,-0.162,20
,,,-0.16,0
,,,-0.158,0
,,,-0.156,0
,,,-0.154,0
,,,-0.152,20
,,,-0.15,0
,,,-0.148,0
,,,-0.146,0
,,,-0.144,20
,,,-0.142,0
,,,-0.14,20
,,,-0.138,0
,,,-0.136,0
,,,-0.134,20
,,,-0.132,0
,,,-0.13,-20
,,,-0.128,0
,,,-0.126,0
,,,-0.124,0
,,,-0.122,0
,,,-0.12,0
,,,-0.118,0
,,,-0.116,0
,,,-0.114,0
,,,-0.112,20
,,,-0.11,0
,,,-0.108,0
,,,-0.106,0
,,,-0.104,20
,,,-0.102,20
,,,-0.1,0
,,,-0.098,0
,,,-0.096,0
,,,-0.094,0
,,,-0.092,-20
,,,-0.09,20
,,,-0.088,0
,,,-0.086,20
,,,-0.084,0
,,,-0.082,0
,,,-0.08,0
,,,-0.078,0
,,,-0.076,0
,,,-0.074,-20
,,,-0.072,0
,,,-0.07,0
,,,-0.068,0
,,,-0.066,0
,,,-0.064,0
,,,-0.062,20
,,,-0.06,80
,,,-0.058,120
,,,-0.056,120
,,,-0.054,160
,,,-0.052,160
,,,-0.05,180
,,,-0.048,220
,,,-0.046,240
,,,-0.044,260
,,,-0.042,260
,,,-0.04,300
,,,-0.038,300
,,,-0.036,340
,,,-0.034,360
,,,-0.032,360
,,,-0.03,400
,,,-0.028,400
,,,-0.026,440
,,,-0.024,440
,,,-0.022,460
,,,-0.02,480
,,,-0.018,500
,,,-0.016,520
,,,-0.014,540
,,,-0.012,560
,,,-0.01,560
,,,-0.008,580
,,,-0.006,600
,,,-0.004,620
,,,-0.002,640
,,,0,660
,,,0.002,680
,,,0.004,680
,,,0.006,700
,,,0.008,720
,,,0.01,720
,,,0.012,740
,,,0.014,760
,,,0.016,780
,,,0.018,820
,,,0.02,800
,,,0.022,820
,,,0.024,840
,,,0.026,860
,,,0.028,880
,,,0.03,880
,,,0.032,900
,,,0.034,900
,,,0.036,940
,,,0.038,940
,,,0.04,940
,,,0.042,980
,,,0.044,980
,,,0.046,980
,,,0.048,1000
,,,0.05,1040
,,,0.052,1040
,,,0.054,1060
,,,0.056,1060
,,,0.058,1060
,,,0.06,1080
,,,0.062,1100
,,,0.064,1120
,,,0.066,1120
,,,0.068,1140
,,,0.07,1160
,,,0.072,1160
,,,0.074,1180
,,,0.076,1180
,,,0.078,1180
,,,0.08,1200
,,,0.082,1200
,,,0.084,1220
,,,0.086,1240
,,,0.088,1260
,,,0.09,1260
,,,0.092,1280
,,,0.094,1300
,,,0.096,1300
,,,0.098,1320
,,,0.1,1320
,,,0.102,1320
,,,0.104,1320
,,,0.106,1340
,,,0.108,1360
,,,0.11,1360
,,,0.112,1360
,,,0.114,1380
,,,0.116,1400
,,,0.118,1380
,,,0.12,1400
,,,0.122,1420
,,,0.124,1440
,,,0.126,1460
,,,0.128,1440
,,,0.13,1460
,,,0.132,1460
,,,0.134,1480
,,,0.136,1500
,,,0.138,1500
,,,0.14,1500
,,,0.142,1500
,,,0.144,1520
,,,0.146,1560
,,,0.148,1540
,,,0.15,1560
,,,0.152,1540
,,,0.154,1560
,,,0.156,1560
,,,0.158,1600
,,,0.16,1600
,,,0.162,1580
,,,0.164,1600
,,,0.166,1620
,,,0.168,1620
,,,0.17,1620
,,,0.172,1660
,,,0.174,1640
,,,0.176,1640
,,,0.178,1640
,,,0.18,1660
,,,0.182,1680
,,,0.184,1680
,,,0.186,1680
,,,0.188,1700
,,,0.19,1700
,,,0.192,1700
,,,0.194,1700
,,,0.196,1700
,,,0.198,1720
,,,0.2,1740
,,,0.202,1720
,,,0.204,1720
,,,0.206,1740
,,,0.208,1760
,,,0.21,1760
,,,0.212,1760
,,,0.214,1780
,,,0.216,1780
,,,0.218,1780
,,,0.22,1800
,,,0.222,1820
,,,0.224,1800
,,,0.226,1820
,,,0.228,1800
,,,0.23,1800
,,,0.232,1840
,,,0.234,1840
,,,0.236,1820
,,,0.238,1840
,,,0.24,1840
,,,0.242,1840
,,,0.244,1860
,,,0.246,1860
,,,0.248,1860
,,,0.25,1880
,,,0.252,1880
,,,0.254,1880
,,,0.256,1900
,,,0.258,1900
,,,0.26,1900
,,,0.262,1900
,,,0.264,1900
,,,0.266,1900
,,,0.268,1900
,,,0.27,1900
,,,0.272,1940
,,,0.274,1920
,,,0.276,1940
,,,0.278,1940
,,,0.28,1940
,,,0.282,1940
,,,0.284,1940
,,,0.286,1940
,,,0.288,1960
,,,0.29,1960
,,,0.292,1980
,,,0.294,1960
,,,0.296,1980
,,,0.298,1980
,,,0.3,1980
,,,0.302,1980
,,,0.304,1980
,,,0.306,2000
,,,0.308,2000
,,,0.31,2000
,,,0.312,2000
,,,0.314,2020
,,,0.316,2020
,,,0.318,2020
,,,0.32,2020
,,,0.322,2020
,,,0.324,2020
,,,0.326,2040
,,,0.328,2040
,,,0.33,2040
,,,0.332,2040
,,,0.334,2040
,,,0.336,2060
,,,0.338,2040
,,,0.34,2060
,,,0.342,2080
,,,0.344,2080
,,,0.346,2080
,,,0.348,2080
,,,0.35,2080
,,,0.352,2080
,,,0.354,2060
,,,0.356,2100
,,,0.358,2080
,,,0.36,2080
,,,0.362,2100
,,,0.364,2100
,,,0.366,2100
,,,0.368,2120
,,,0.37,2100
,,,0.372,2100
,,,0.374,2100
,,,0.376,2100
,,,0.378,2120
,,,0.38,2120
,,,0.382,2140
,,,0.384,2120
,,,0.386,2120
,,,0.388,2140
,,,0.39,2120
,,,0.392,2140
,,,0.394,2120
,,,0.396,2140
,,,0.398,2140
,,,0.4,2140
,,,0.402,2160
,,,0.404,2140
,,,0.406,2140
,,,0.408,2160
,,,0.41,2160
,,,0.412,2140
,,,0.414,2160
,,,0.416,2140
,,,0.418,2160
,,,0.42,2160
,,,0.422,2160
,,,0.424,2160
,,,0.426,2160
,,,0.428,2180
,,,0.43,2160
,,,0.432,2200
,,,0.434,2180
,,,0.436,2180
,,,0.438,2180
,,,0.44,2180
,,,0.442,2180
,,,0.444,2200
,,,0.446,2180
,,,0.448,2180
,,,0.45,2200
,,,0.452,2180
,,,0.454,2200
,,,0.456,2200
,,,0.458,2200
,,,0.46,2200
,,,0.462,2200
,,,0.464,2220
,,,0.466,2200
,,,0.468,2220
,,,0.47,2220
,,,0.472,2220
,,,0.474,2220
,,,0.476,2200
,,,0.478,2200
,,,0.48,2220
,,,0.482,2220
,,,0.484,2220
,,,0.486,2220
,,,0.488,2220
,,,0.49,2220
,,,0.492,2220
,,,0.494,2220
,,,0.496,2240
,,,0.498,2260
,,,0.5,2240
,,,0.502,2240
,,,0.504,2220
,,,0.506,2240
,,,0.508,2240
,,,0.51,2240
,,,0.512,2240
,,,0.514,2240
,,,0.516,2240
,,,0.518,2240
,,,0.52,2260
,,,0.522,2240
,,,0.524,2240
,,,0.526,2260
,,,0.528,2260
,,,0.53,2260
,,,0.532,2260
,,,0.534,2260
,,,0.536,2240
,,,0.538,2260
,,,0.54,2260
,,,0.542,2260
,,,0.544,2280
,,,0.546,2260
,,,0.548,2280
,,,0.55,2260
,,,0.552,2260
,,,0.554,2280
,,,0.556,2280
,,,0.558,2280
,,,0.56,2260
,,,0.562,2300
,,,0.564,2280
,,,0.566,2300
,,,0.568,2300
,,,0.57,2260
,,,0.572,2280
,,,0.574,2300
,,,0.576,2280
,,,0.578,2280
,,,0.58,2300
,,,0.582,2280
,,,0.584,2300
,,,0.586,2280
,,,0.588,2300
,,,0.59,2300
,,,0.592,2300
,,,0.594,2300
,,,0.596,2300
,,,0.598,2300
,,,0.6,2300
,,,0.602,2300
,,,0.604,2300
,,,0.606,2300
,,,0.608,2300
,,,0.61,2300
,,,0.612,2300
,,,0.614,2300
,,,0.616,2300
,,,0.618,2300
,,,0.62,2300
,,,0.622,2300
,,,0.624,2300
,,,0.626,2300
,,,0.628,2300
,,,0.63,2320
,,,0.632,2300
,,,0.634,2300
,,,0.636,2300
,,,0.638,2320
,,,0.64,2300
,,,0.642,2300
,,,0.644,2300
,,,0.646,2320
,,,0.648,2320
,,,0.65,2300
,,,0.652,2300
,,,0.654,2340
,,,0.656,2300
,,,0.658,2320
,,,0.66,2320
,,,0.662,2320
,,,0.664,2320
,,,0.666,2320
,,,0.668,2320
,,,0.67,2320
,,,0.672,2320
,,,0.674,2300
,,,0.676,2320
,,,0.678,2340
,,,0.68,2340
,,,0.682,2320
,,,0.684,2320
,,,0.686,2320
,,,0.688,2320
,,,0.69,2340
,,,0.692,2320
,,,0.694,2320
,,,0.696,2340
,,,0.698,2340
,,,0.7,2340
,,,0.702,2320
,,,0.704,2320
,,,0.706,2320
,,,0.708,2320
,,,0.71,2340
,,,0.712,2340
,,,0.714,2340
,,,0.716,2340
,,,0.718,2340
,,,0.72,2320
,,,0.722,2320
,,,0.724,2340
,,,0.726,2340
,,,0.728,2320
,,,0.73,2340
,,,0.732,2340
,,,0.734,2320
,,,0.736,2340
,,,0.738,2340
,,,0.74,2340
,,,0.742,2340
,,,0.744,2340
,,,0.746,2320
,,,0.748,2340
,,,0.75,2340
,,,0.752,2340
,,,0.754,2340
,,,0.756,2340
,,,0.758,2340
,,,0.76,2340
,,,0.762,2340
,,,0.764,2340
,,,0.766,2340
,,,0.768,2340
,,,0.77,2340
,,,0.772,2340
,,,0.774,2340
,,,0.776,2340
,,,0.778,2340
,,,0.78,2340
,,,0.782,2340
,,,0.784,2340
,,,0.786,2340
,,,0.788,2340
,,,0.79,2340
,,,0.792,2340
,,,0.794,2340
,,,0.796,2340
,,,0.798,2360
,,,0.8,2340
,,,0.802,2340
,,,0.804,2340
,,,0.806,2340
,,,0.808,2340
,,,0.81,2360
,,,0.812,2340
,,,0.814,2340
,,,0.816,2340
,,,0.818,2340
,,,0.82,2340
,,,0.822,2360
,,,0.824,2340
,,,0.826,2340
,,,0.828,2340
,,,0.83,2340
,,,0.832,2340
,,,0.834,2340
,,,0.836,2340
,,,0.838,2340
,,,0.84,2340
,,,0.842,2340
,,,0.844,2340
,,,0.846,2340
,,,0.848,2340
,,,0.85,2360
,,,0.852,2360
,,,0.854,2340
,,,0.856,2340
,,,0.858,2360
,,,0.86,2340
,,,0.862,2340
,,,0.864,2340
,,,0.866,2340
,,,0.868,2340
,,,0.87,2340
,,,0.872,2340
,,,0.874,2340
,,,0.876,2360
,,,0.878,2340
,,,0.88,2360
,,,0.882,2340
,,,0.884,2340
,,,0.886,2360
,,,0.888,2340
,,,0.89,2340
,,,0.892,2360
,,,0.894,2360
,,,0.896,2340
,,,0.898,2340
,,,0.9,2360
,,,0.902,2360
,,,0.904,2360
,,,0.906,2360
,,,0.908,2360
,,,0.91,2340
,,,0.912,2360
,,,0.914,2360
,,,0.916,2360
,,,0.918,2360
,,,0.92,2360
,,,0.922,2360
,,,0.924,2360
,,,0.926,2340
,,,0.928,2340
,,,0.93,2340
,,,0.932,2360
,,,0.934,2340
,,,0.936,2340
,,,0.938,2360
,,,0.94,2340
,,,0.942,2360
,,,0.944,2360
,,,0.946,2360
,,,0.948,2340
,,,0.95,2380
,,,0.952,2340
,,,0.954,2380
,,,0.956,2360
,,,0.958,2340
,,,0.96,2360
,,,0.962,2360
,,,0.964,2360
,,,0.966,2340
,,,0.968,2360
,,,0.97,2340
,,,0.972,2380
,,,0.974,2340
,,,0.976,2340
,,,0.978,2360
,,,0.98,2360
,,,0.982,2360
,,,0.984,2360
,,,0.986,2360
,,,0.988,2340
,,,0.99,2360
,,,0.992,2340
,,,0.994,2360
,,,0.996,2360
,,,0.998,2360
,,,1,2360
,,,1.002,2360
,,,1.004,2360
,,,1.006,2360
,,,1.008,2360
,,,1.01,2360
,,,1.012,2340
,,,1.014,2360
,,,1.016,2360
,,,1.018,2380
,,,1.02,2340
,,,1.022,2340
,,,1.024,2340
,,,1.026,2360
,,,1.028,2360
,,,1.03,2340
,,,1.032,2360
,,,1.034,2340
,,,1.036,2360
,,,1.038,2380
,,,1.04,2360
,,,1.042,2340
,,,1.044,2360
,,,1.046,2360
,,,1.048,2380
,,,1.05,2360
,,,1.052,2360
,,,1.054,2360
,,,1.056,2360
,,,1.058,2360
,,,1.06,2340
,,,1.062,2360
,,,1.064,2380
,,,1.066,2380
,,,1.068,2360
,,,1.07,2380
,,,1.072,2360
,,,1.074,2360
,,,1.076,2360
,,,1.078,2360
,,,1.08,2360
,,,1.082,2380
,,,1.084,2360
,,,1.086,2380
,,,1.088,2380
,,,1.09,2380
,,,1.092,2360
,,,1.094,2380
,,,1.096,2360
,,,1.098,2360
,,,1.1,2360
,,,1.102,2360
,,,1.104,2360
,,,1.106,2360
,,,1.108,2380
,,,1.11,2360
,,,1.112,2380
,,,1.114,2380
,,,1.116,2360
,,,1.118,2360
,,,1.12,2380
,,,1.122,2360
,,,1.124,2380
,,,1.126,2380
,,,1.128,2360
,,,1.13,2380
,,,1.132,2360
,,,1.134,2360
,,,1.136,2360
,,,1.138,2360
,,,1.14,2380
,,,1.142,2360
,,,1.144,2380
,,,1.146,2380
,,,1.148,2360
,,,1.15,2360
,,,1.152,2380
,,,1.154,2380
,,,1.156,2380
,,,1.158,2360
,,,1.16,2360
,,,1.162,2340
,,,1.164,2380
,,,1.166,2380
,,,1.168,2380
,,,1.17,2360
,,,1.172,2360
,,,1.174,2380
,,,1.176,2380
,,,1.178,2360
,,,1.18,2400
,,,1.182,2380
,,,1.184,2360
,,,1.186,2380
,,,1.188,2360
,,,1.19,2380
,,,1.192,2380
,,,1.194,2380
,,,1.196,2380
,,,1.198,2380
,,,1.2,2400
,,,1.202,2380
,,,1.204,2380
,,,1.206,2360
,,,1.208,2380
,,,1.21,2380
,,,1.212,2360
,,,1.214,2400
,,,1.216,2400
,,,1.218,2360
,,,1.22,2380
,,,1.222,2380
,,,1.224,2380
,,,1.226,2380
,,,1.228,2380
,,,1.23,2380
,,,1.232,2380
,,,1.234,2380
,,,1.236,2380
,,,1.238,2380
,,,1.24,2400
,,,1.242,2360
,,,1.244,2360
,,,1.246,2380
,,,1.248,2380
,,,1.25,2380
,,,1.252,2360
,,,1.254,2380
,,,1.256,2380
,,,1.258,2380
,,,1.26,2380
,,,1.262,2380
,,,1.264,2380
,,,1.266,2400
,,,1.268,2400
,,,1.27,2400
,,,1.272,2380
,,,1.274,2380
,,,1.276,2380
,,,1.278,2380
,,,1.28,2380
,,,1.282,2380
,,,1.284,2380
,,,1.286,2400
,,,1.288,2400
,,,1.29,2400
,,,1.292,2380
,,,1.294,2380
,,,1.296,2380
,,,1.298,2400
,,,1.3,2380
,,,1.302,2400
,,,1.304,2400
,,,1.306,2380
,,,1.308,2380
,,,1.31,2380
,,,1.312,2380
,,,1.314,2380
,,,1.316,2380
,,,1.318,2400
,,,1.32,2380
,,,1.322,2380
,,,1.324,2380
,,,1.326,2380
,,,1.328,2400
,,,1.33,2380
,,,1.332,2380
,,,1.334,2380
,,,1.336,2380
,,,1.338,2360
,,,1.34,2380
,,,1.342,2380
,,,1.344,2400
,,,1.346,2380
,,,1.348,2380
,,,1.35,2380
,,,1.352,2380
,,,1.354,2380
,,,1.356,2380
,,,1.358,2400
,,,1.36,2380
,,,1.362,2380
,,,1.364,2400
,,,1.366,2380
,,,1.368,2380
,,,1.37,2380
,,,1.372,2380
,,,1.374,2360
,,,1.376,2380
,,,1.378,2380
,,,1.38,2380
,,,1.382,2380
,,,1.384,2380
,,,1.386,2380
,,,1.388,2380
,,,1.39,2400
,,,1.392,2380
,,,1.394,2380
,,,1.396,2380
,,,1.398,2380
,,,1.4,2380
,,,1.402,2400
,,,1.404,2400
,,,1.406,2380
,,,1.408,2380
,,,1.41,2380
,,,1.412,2380
,,,1.414,2400
,,,1.416,2360
,,,1.418,2360
,,,1.42,2380
,,,1.422,2380
,,,1.424,2400
,,,1.426,2380
,,,1.428,2360
,,,1.43,2400
,,,1.432,2380
,,,1.434,2360
,,,1.436,2380
,,,1.438,2380
,,,1.44,2380
,,,1.442,2380
,,,1.444,2380
,,,1.446,2360
,,,1.448,2380
,,,1.45,2380
,,,1.452,2380
,,,1.454,2380
,,,1.456,2380
,,,1.458,2380
,,,1.46,2360
,,,1.462,2380
,,,1.464,2400
,,,1.466,2380
,,,1.468,2400
,,,1.47,2380
,,,1.472,2380
,,,1.474,2380
,,,1.476,2380
,,,1.478,2380
,,,1.48,2360
,,,1.482,2380
,,,1.484,2380
,,,1.486,2380
,,,1.488,2380
,,,1.49,2360
,,,1.492,2380
,,,1.494,2380
,,,1.496,2400
,,,1.498,2380
,,,1.5,2360
,,,1.502,2380
,,,1.504,2380
,,,1.506,2380
,,,1.508,2380
,,,1.51,2380
,,,1.512,2380
,,,1.514,2380
,,,1.516,2400
,,,1.518,2380
,,,1.52,2380
,,,1.522,2380
,,,1.524,2380
,,,1.526,2380
,,,1.528,2380
,,,1.53,2400
,,,1.532,2380
,,,1.534,2380
,,,1.536,2360
,,,1.538,2380
,,,1.54,2400
,,,1.542,2380
,,,1.544,2400
,,,1.546,2400
,,,1.548,2360
,,,1.55,2380
,,,1.552,2380
,,,1.554,2380
,,,1.556,2380
,,,1.558,2380
,,,1.56,2380
,,,1.562,2360
,,,1.564,2360
,,,1.566,2400
,,,1.568,2380
,,,1.57,2380
,,,1.572,2400
,,,1.574,2380
,,,1.576,2400
,,,1.578,2400
,,,1.58,2380
,,,1.582,2400
,,,1.584,2380
,,,1.586,2400
,,,1.588,2400
,,,1.59,2380
,,,1.592,2400
,,,1.594,2380
,,,1.596,2400
,,,1.598,2380
,,,1.6,2380
,,,1.602,2380
,,,1.604,2400
,,,1.606,2360
,,,1.608,2380
,,,1.61,2380
,,,1.612,2380
,,,1.614,2400
,,,1.616,2400
,,,1.618,2380
,,,1.62,2380
,,,1.622,2380
,,,1.624,2380
,,,1.626,2400
,,,1.628,2340
,,,1.63,2400
,,,1.632,2400
,,,1.634,2380
,,,1.636,2380
,,,1.638,2380
,,,1.64,2380
,,,1.642,2400
,,,1.644,2400
,,,1.646,2380
,,,1.648,2380
,,,1.65,2380
,,,1.652,2400
,,,1.654,2380
,,,1.656,2400
,,,1.658,2380
,,,1.66,2380
,,,1.662,2380
,,,1.664,2380
,,,1.666,2380
,,,1.668,2400
,,,1.67,2380
,,,1.672,2360
,,,1.674,2400
,,,1.676,2400
,,,1.678,2380
,,,1.68,2400
,,,1.682,2400
,,,1.684,2400
,,,1.686,2380
,,,1.688,2400
,,,1.69,2380
,,,1.692,2380
,,,1.694,2380
,,,1.696,2360
,,,1.698,2360
,,,1.7,2380
,,,1.702,2380
,,,1.704,2380
,,,1.706,2380
,,,1.708,2380
,,,1.71,2400
,,,1.712,2360
,,,1.714,2380
,,,1.716,2380
,,,1.718,2360
,,,1.72,2380
,,,1.722,2360
,,,1.724,2380
,,,1.726,2360
,,,1.728,2380
,,,1.73,2380
,,,1.732,2380
,,,1.734,2380
,,,1.736,2400
,,,1.738,2380
,,,1.74,2380
,,,1.742,2380
,,,1.744,2380
,,,1.746,2380
,,,1.748,2380
,,,1.75,2380
,,,1.752,2380
,,,1.754,2380
,,,1.756,2400
,,,1.758,2380
,,,1.76,2380
,,,1.762,2400
,,,1.764,2380
,,,1.766,2380
,,,1.768,2400
,,,1.77,2380
,,,1.772,2360
,,,1.774,2360
,,,1.776,2360
,,,1.778,2360
,,,1.78,2360
,,,1.782,2340
,,,1.784,2360
,,,1.786,2340
,,,1.788,2340
,,,1.79,2340
,,,1.792,2320
,,,1.794,2320
,,,1.796,2340
,,,1.798,2340
,,,1.8,2340
,,,1.802,2340
,,,1.804,2320
,,,1.806,2300
,,,1.808,2300
,,,1.81,2320
,,,1.812,2300
,,,1.814,2300
,,,1.816,2300
,,,1.818,2300
,,,1.82,2300
,,,1.822,2260
,,,1.824,2300
,,,1.826,2280
,,,1.828,2280
,,,1.83,2280
,,,1.832,2280
,,,1.834,2260
,,,1.836,2280
,,,1.838,2300
,,,1.84,2260
,,,1.842,2260
,,,1.844,2260
,,,1.846,2260
,,,1.848,2240
,,,1.85,2240
,,,1.852,2220
,,,1.854,2240
,,,1.856,2240
,,,1.858,2240
,,,1.86,2220
,,,1.862,2220
,,,1.864,2220
,,,1.866,2200
,,,1.868,2220
,,,1.87,2200
,,,1.872,2200
,,,1.874,2200
,,,1.876,2200
,,,1.878,2200
,,,1.88,2200
,,,1.882,2180
,,,1.884,2200
,,,1.886,2200
,,,1.888,2200
,,,1.89,2200
,,,1.892,2180
,,,1.894,2180
,,,1.896,2180
,,,1.898,2180
,,,1.9,2180
,,,1.902,2200
,,,1.904,2180
,,,1.906,2180
,,,1.908,2160
,,,1.91,2160
,,,1.912,2160
,,,1.914,2160
,,,1.916,2160
,,,1.918,2140
,,,1.92,2160
,,,1.922,2140
,,,1.924,2140
,,,1.926,2160
,,,1.928,2140
,,,1.93,2140
,,,1.932,2140
,,,1.934,2120
,,,1.936,2140
,,,1.938,2120
,,,1.94,2120
,,,1.942,2140
,,,1.944,2120
,,,1.946,2120
,,,1.948,2120
,,,1.95,2100
,,,1.952,2100
,,,1.954,2080
,,,1.956,2120
,,,1.958,2100
,,,1.96,2100
,,,1.962,2100
,,,1.964,2100
,,,1.966,2100
,,,1.968,2080
,,,1.97,2080
,,,1.972,2080
,,,1.974,2080
,,,1.976,2080
,,,1.978,2080
,,,1.98,2080
,,,1.982,2080
,,,1.984,2060
,,,1.986,2060
,,,1.988,2060
,,,1.99,2060
,,,1.992,2060
,,,1.994,2060
,,,1.996,2040
,,,1.998,2060
,,,2,2060
,,,2.002,2060
,,,2.004,2060
,,,2.006,2040
,,,2.008,2040
,,,2.01,2040
,,,2.012,2040
,,,2.014,2040
,,,2.016,2040
,,,2.018,2040
,,,2.02,2020
,,,2.022,2040
,,,2.024,2040
,,,2.026,2040
,,,2.028,2040
,,,2.03,2020
,,,2.032,2000
,,,2.034,2020
,,,2.036,2020
,,,2.038,2000
,,,2.04,2000
,,,2.042,2000
,,,2.044,2000
,,,2.046,1980
,,,2.048,2000
,,,2.05,2000
,,,2.052,1980
,,,2.054,2000
,,,2.056,2000
,,,2.058,1980
,,,2.06,1980
,,,2.062,1980
,,,2.064,1980
,,,2.066,1980
,,,2.068,1980
,,,2.07,1980
,,,2.072,1980
,,,2.074,1980
,,,2.076,1980
,,,2.078,1980
,,,2.08,1960
,,,2.082,1960
,,,2.084,1940
,,,2.086,1960
,,,2.088,1960
,,,2.09,1960
,,,2.092,1960
,,,2.094,1960
,,,2.096,1940
,,,2.098,1940
,,,2.1,1940
,,,2.102,1940
,,,2.104,1940
,,,2.106,1960
,,,2.108,1960
,,,2.11,1940
,,,2.112,1940
,,,2.114,1940
,,,2.116,1920
,,,2.118,1920
,,,2.12,1920
,,,2.122,1920
,,,2.124,1920
,,,2.126,1940
,,,2.128,1920
,,,2.13,1940
,,,2.132,1920
,,,2.134,1920
,,,2.136,1900
,,,2.138,1920
,,,2.14,1920
,,,2.142,1900
,,,2.144,1920
,,,2.146,1880
,,,2.148,1880
,,,2.15,1880
,,,2.152,1880
,,,2.154,1900
,,,2.156,1860
,,,2.158,1880
,,,2.16,1880
,,,2.162,1900
,,,2.164,1860
,,,2.166,1880
,,,2.168,1860
,,,2.17,1880
,,,2.172,1880
,,,2.174,1860
,,,2.176,1880
,,,2.178,1880
,,,2.18,1880
,,,2.182,1860
,,,2.184,1880
,,,2.186,1880
,,,2.188,1840
,,,2.19,1840
,,,2.192,1860
,,,2.194,1840
,,,2.196,1860
,,,2.198,1840
,,,2.2,1840
,,,2.202,1840
,,,2.204,1860
,,,2.206,1840
,,,2.208,1840
,,,2.21,1840
,,,2.212,1840
,,,2.214,1840
,,,2.216,1840
,,,2.218,1840
,,,2.22,1840
,,,2.222,1840
,,,2.224,1840
,,,2.226,1820
,,,2.228,1840
,,,2.23,1840
,,,2.232,1820
,,,2.234,1820
,,,2.236,1840
,,,2.238,1820
,,,2.24,1820
,,,2.242,1800
,,,2.244,1820
,,,2.246,1820
,,,2.248,1800
,,,2.25,1820
,,,2.252,1820
,,,2.254,1800
,,,2.256,1800
,,,2.258,1800
,,,2.26,1800
,,,2.262,1820
,,,2.264,1800
,,,2.266,1800
,,,2.268,1780
,,,2.27,1800
,,,2.272,1800
,,,2.274,1780
,,,2.276,1780
,,,2.278,1780
,,,2.28,1780
,,,2.282,1800
,,,2.284,1780
,,,2.286,1780
,,,2.288,1780
,,,2.29,1800
,,,2.292,1780
,,,2.294,1760
,,,2.296,1780
,,,2.298,1760
,,,2.3,1760
,,,2.302,1760
,,,2.304,1780
,,,2.306,1780
,,,2.308,1760
,,,2.31,1760
,,,2.312,1740
,,,2.314,1740
,,,2.316,1760
,,,2.318,1760
,,,2.32,1740
,,,2.322,1740
,,,2.324,1760
,,,2.326,1720
,,,2.328,1760
,,,2.33,1740
,,,2.332,1740
,,,2.334,1740
,,,2.336,1720
,,,2.338,1740
,,,2.34,1740
,,,2.342,1740
,,,2.344,1740
,,,2.346,1740
,,,2.348,1740
,,,2.35,1720
,,,2.352,1720
,,,2.354,1720
,,,2.356,1720
,,,2.358,1720
,,,2.36,1700
,,,2.362,1720
,,,2.364,1700
,,,2.366,1700
,,,2.368,1740
,,,2.37,1720
,,,2.372,1720
,,,2.374,1720
,,,2.376,1700
,,,2.378,1700
,,,2.38,1700
,,,2.382,1700
,,,2.384,1720
,,,2.386,1700
,,,2.388,1680
,,,2.39,1680
,,,2.392,1700
,,,2.394,1700
,,,2.396,1680
,,,2.398,1700
,,,2.4,1680
,,,2.402,1700
,,,2.404,1700
,,,2.406,1680
,,,2.408,1680
,,,2.41,1700
,,,2.412,1680
,,,2.414,1660
,,,2.416,1680
,,,2.418,1680
,,,2.42,1660
,,,2.422,1660
,,,2.424,1680
,,,2.426,1680
,,,2.428,1680
,,,2.43,1680
,,,2.432,1660
,,,2.434,1660
,,,2.436,1660
,,,2.438,1640
,,,2.44,1660
,,,2.442,1660
,,,2.444,1660
,,,2.446,1680
,,,2.448,1660
,,,2.45,1640
,,,2.452,1640
,,,2.454,1660
,,,2.456,1660
,,,2.458,1640
,,,2.46,1640
,,,2.462,1660
,,,2.464,1640
,,,2.466,1640
,,,2.468,1640
,,,2.47,1640
,,,2.472,1640
,,,2.474,1620
,,,2.476,1640
,,,2.478,1660
,,,2.48,1640
,,,2.482,1640
,,,2.484,1640
,,,2.486,1640
,,,2.488,1620
,,,2.49,1600
,,,2.492,1620
,,,2.494,1620
,,,2.496,1620
,,,2.498,1620
,,,2.5,1620
,,,2.502,1600
,,,2.504,1620
,,,2.506,1600
,,,2.508,1600
,,,2.51,1620
,,,2.512,1620
,,,2.514,1620
,,,2.516,1600
,,,2.518,1600
,,,2.52,1600
,,,2.522,1600
,,,2.524,1600
,,,2.526,1600
,,,2.528,1600
,,,2.53,1600
,,,2.532,1580
,,,2.534,1600
,,,2.536,1600
,,,2.538,1580
,,,2.54,1600
,,,2.542,1580
,,,2.544,1580
,,,2.546,1600
,,,2.548,1560
,,,2.55,1580
,,,2.552,1580
,,,2.554,1560
,,,2.556,1580
,,,2.558,1560
,,,2.56,1560
,,,2.562,1560
,,,2.564,1560
,,,2.566,1560
,,,2.568,1560
,,,2.57,1560
,,,2.572,1580
,,,2.574,1560
,,,2.576,1560
,,,2.578,1560
,,,2.58,1560
,,,2.582,1560
,,,2.584,1560
,,,2.586,1540
,,,2.588,1560
,,,2.59,1560
,,,2.592,1540
,,,2.594,1520
,,,2.596,1560
,,,2.598,1520
,,,2.6,1520
,,,2.602,1540
,,,2.604,1540
,,,2.606,1520
,,,2.608,1540
,,,2.61,1540
,,,2.612,1540
,,,2.614,1520
,,,2.616,1540
,,,2.618,1520
,,,2.62,1540
,,,2.622,1520
,,,2.624,1520
,,,2.626,1540
,,,2.628,1520
,,,2.63,1520
,,,2.632,1540
,,,2.634,1520
,,,2.636,1500
,,,2.638,1520
,,,2.64,1520
,,,2.642,1500
,,,2.644,1500
,,,2.646,1520
,,,2.648,1520
,,,2.65,1520
,,,2.652,1500
,,,2.654,1500
,,,2.656,1500
,,,2.658,1520
,,,2.66,1500
,,,2.662,1500
,,,2.664,1500
,,,2.666,1500
,,,2.668,1500
,,,2.67,1500
,,,2.672,1500
,,,2.674,1500
,,,2.676,1500
,,,2.678,1480
,,,2.68,1500
,,,2.682,1500
,,,2.684,1500
,,,2.686,1480
,,,2.688,1500
,,,2.69,1500
,,,2.692,1480
,,,2.694,1480
,,,2.696,1460
,,,2.698,1480
,,,2.7,1480
,,,2.702,1480
,,,2.704,1480
,,,2.706,1460
,,,2.708,1480
,,,2.71,1480
,,,2.712,1480
,,,2.714,1460
,,,2.716,1480
,,,2.718,1460
,,,2.72,1460
,,,2.722,1460
,,,2.724,1480
,,,2.726,1480
,,,2.728,1460
,,,2.73,1480
,,,2.732,1460
,,,2.734,1460
,,,2.736,1460
,,,2.738,1460
,,,2.74,1460
,,,2.742,1460
,,,2.744,1460
,,,2.746,1440
,,,2.748,1460
,,,2.75,1460
,,,2.752,1460
,,,2.754,1440
,,,2.756,1440
,,,2.758,1440
,,,2.76,1440
,,,2.762,1440
,,,2.764,1440
,,,2.766,1440
,,,2.768,1420
,,,2.77,1440
,,,2.772,1420
,,,2.774,1420
,,,2.776,1440
,,,2.778,1420
,,,2.78,1420
,,,2.782,1420
,,,2.784,1440
,,,2.786,1420
,,,2.788,1420
,,,2.79,1420
,,,2.792,1400
,,,2.794,1420
,,,2.796,1420
,,,2.798,1420
,,,2.8,1420
,,,2.802,1400
,,,2.804,1400
,,,2.806,1400
,,,2.808,1420
,,,2.81,1420
,,,2.812,1400
,,,2.814,1400
,,,2.816,1400
,,,2.818,1400
,,,2.82,1400
,,,2.822,1420
,,,2.824,1400
,,,2.826,1400
,,,2.828,1400
,,,2.83,1400
,,,2.832,1400
,,,2.834,1380
,,,2.836,1380
,,,2.838,1400
,,,2.84,1380
,,,2.842,1380
,,,2.844,1380
,,,2.846,1400
,,,2.848,1380
,,,2.85,1400
,,,2.852,1380
,,,2.854,1380
,,,2.856,1380
,,,2.858,1380
,,,2.86,1380
,,,2.862,1380
,,,2.864,1380
,,,2.866,1360
,,,2.868,1380
,,,2.87,1380
,,,2.872,1360
,,,2.874,1360
,,,2.876,1360
,,,2.878,1380
,,,2.88,1360
,,,2.882,1380
,,,2.884,1360
,,,2.886,1360
,,,2.888,1360
,,,2.89,1360
,,,2.892,1380
,,,2.894,1360
,,,2.896,1360
,,,2.898,1340
,,,2.9,1340
,,,2.902,1340
,,,2.904,1360
,,,2.906,1340
,,,2.908,1340
,,,2.91,1360
,,,2.912,1340
,,,2.914,1360
,,,2.916,1340
,,,2.918,1340
,,,2.92,1340
,,,2.922,1340
,,,2.924,1340
,,,2.926,1360
,,,2.928,1340
,,,2.93,1340
,,,2.932,1340
,,,2.934,1340
,,,2.936,1340
,,,2.938,1340
,,,2.94,1320
,,,2.942,1340
,,,2.944,1320
,,,2.946,1320
,,,2.948,1340
,,,2.95,1340
,,,2.952,1340
,,,2.954,1340
,,,2.956,1320
,,,2.958,1320
,,,2.96,1320
,,,2.962,1320
,,,2.964,1320
,,,2.966,1320
,,,2.968,1320
,,,2.97,1320
,,,2.972,1300
,,,2.974,1300
,,,2.976,1300
,,,2.978,1300
,,,2.98,1320
,,,2.982,1300
,,,2.984,1320
,,,2.986,1300
,,,2.988,1300
,,,2.99,1320
,,,2.992,1300
,,,2.994,1320
,,,2.996,1320
,,,2.998,1300
,,,3,1320
,,,3.002,1300
,,,3.004,1300
,,,3.006,1280
,,,3.008,1280
,,,3.01,1280
,,,3.012,1300
,,,3.014,1300
,,,3.016,1300
,,,3.018,1280
,,,3.02,1300
,,,3.022,1280
,,,3.024,1280
,,,3.026,1280
,,,3.028,1280
,,,3.03,1280
,,,3.032,1280
,,,3.034,1280
,,,3.036,1300
,,,3.038,1280
,,,3.04,1280
,,,3.042,1260
,,,3.044,1260
,,,3.046,1280
,,,3.048,1280
,,,3.05,1260
,,,3.052,1260
,,,3.054,1260
,,,3.056,1280
,,,3.058,1280
,,,3.06,1260
,,,3.062,1260
,,,3.064,1260
,,,3.066,1260
,,,3.068,1260
,,,3.07,1260
,,,3.072,1260
,,,3.074,1240
,,,3.076,1240
,,,3.078,1260
,,,3.08,1240
,,,3.082,1260
,,,3.084,1240
,,,3.086,1260
,,,3.088,1240
,,,3.09,1240
,,,3.092,1240
,,,3.094,1240
,,,3.096,1240
,,,3.098,1240
,,,3.1,1240
,,,3.102,1240
,,,3.104,1260
,,,3.106,1240
,,,3.108,1240
,,,3.11,1220
,,,3.112,1240
,,,3.114,1240
,,,3.116,1240
,,,3.118,1240
,,,3.12,1240
,,,3.122,1260
,,,3.124,1240
,,,3.126,1240
,,,3.128,1240
,,,3.13,1220
,,,3.132,1240
,,,3.134,1220
,,,3.136,1240
,,,3.138,1220
,,,3.14,1220
,,,3.142,1220
,,,3.144,1240
,,,3.146,1200
,,,3.148,1220
,,,3.15,1200
,,,3.152,1200
,,,3.154,1220
,,,3.156,1200
,,,3.158,1200
,,,3.16,1200
,,,3.162,1200
,,,3.164,1200
,,,3.166,1220
,,,3.168,1200
,,,3.17,1220
,,,3.172,1220
,,,3.174,1180
,,,3.176,1200
,,,3.178,1200
,,,3.18,1200
,,,3.182,1180
,,,3.184,1180
,,,3.186,1200
,,,3.188,1180
,,,3.19,1200
,,,3.192,1180
,,,3.194,1180
,,,3.196,1200
,,,3.198,1200
,,,3.2,1180
,,,3.202,1180
,,,3.204,1180
,,,3.206,1160
,,,3.208,1160
,,,3.21,1180
,,,3.212,1180
,,,3.214,1180
,,,3.216,1180
,,,3.218,1180
,,,3.22,1180
,,,3.222,1180
,,,3.224,1180
,,,3.226,1160
,,,3.228,1160
,,,3.23,1160
,,,3.232,1160
,,,3.234,1180
,,,3.236,1160
,,,3.238,1160
,,,3.24,1160
,,,3.242,1160
,,,3.244,1160
,,,3.246,1180
,,,3.248,1160
,,,3.25,1160
,,,3.252,1160
,,,3.254,1160
,,,3.256,1160
,,,3.258,1160
,,,3.26,1160
,,,3.262,1160
,,,3.264,1160
,,,3.266,1160
,,,3.268,1160
,,,3.27,1160
,,,3.272,1160
,,,3.274,1140
,,,3.276,1140
,,,3.278,1140
,,,3.28,1160
,,,3.282,1140
,,,3.284,1160
,,,3.286,1160
,,,3.288,1140
,,,3.29,1140
,,,3.292,1160
,,,3.294,1160
,,,3.296,1140
,,,3.298,1160
,,,3.3,1120
,,,3.302,1140
,,,3.304,1140
,,,3.306,1140
,,,3.308,1140
,,,3.31,1140
,,,3.312,1120
,,,3.314,1140
,,,3.316,1140
,,,3.318,1140
,,,3.32,1120
,,,3.322,1120
,,,3.324,1140
,,,3.326,1120
,,,3.328,1140
,,,3.33,1120
,,,3.332,1140
,,,3.334,1120
,,,3.336,1140
,,,3.338,1140
,,,3.34,1120
,,,3.342,1120
,,,3.344,1120
,,,3.346,1120
,,,3.348,1120
,,,3.35,1100
,,,3.352,1120
,,,3.354,1100
,,,3.356,1120
,,,3.358,1120
,,,3.36,1100
,,,3.362,1120
,,,3.364,1100
,,,3.366,1100
,,,3.368,1100
,,,3.37,1100
,,,3.372,1100
,,,3.374,1100
,,,3.376,1080
,,,3.378,1100
,,,3.38,1100
,,,3.382,1100
,,,3.384,1100
,,,3.386,1100
,,,3.388,1100
,,,3.39,1100
,,,3.392,1100
,,,3.394,1100
,,,3.396,1100
,,,3.398,1100
,,,3.4,1100
,,,3.402,1100
,,,3.404,1100
,,,3.406,1080
,,,3.408,1100
,,,3.41,1100
,,,3.412,1100
,,,3.414,1080
,,,3.416,1080
,,,3.418,1080
,,,3.42,1060
,,,3.422,1080
,,,3.424,1100
,,,3.426,1080
,,,3.428,1060
,,,3.43,1080
,,,3.432,1080
,,,3.434,1060
,,,3.436,1080
,,,3.438,1080
,,,3.44,1060
,,,3.442,1080
,,,3.444,1060
,,,3.446,1060
,,,3.448,1060
,,,3.45,1080
,,,3.452,1080
,,,3.454,1060
,,,3.456,1060
,,,3.458,1060
,,,3.46,1060
,,,3.462,1060
,,,3.464,1060
,,,3.466,1060
,,,3.468,1060
,,,3.47,1080
,,,3.472,1060
,,,3.474,1060
,,,3.476,1060
,,,3.478,1060
,,,3.48,1060
,,,3.482,1060
,,,3.484,1060
,,,3.486,1060
,,,3.488,1060
,,,3.49,1060
,,,3.492,1060
,,,3.494,1060
,,,3.496,1060
,,,3.498,1040
,,,3.5,1040
,,,3.502,1040
,,,3.504,1040
,,,3.506,1040
,,,3.508,1040
,,,3.51,1040
,,,3.512,1060
,,,3.514,1060
,,,3.516,1040
,,,3.518,1040
,,,3.52,1040
,,,3.522,1040
,,,3.524,1040
,,,3.526,1040
,,,3.528,1020
,,,3.53,1000
,,,3.532,1020
,,,3.534,1020
,,,3.536,1020
,,,3.538,1020
,,,3.54,1040
,,,3.542,1020
,,,3.544,1020
,,,3.546,1040
,,,3.548,1020
,,,3.55,1020
,,,3.552,1020
,,,3.554,1020
,,,3.556,1020
,,,3.558,1020
,,,3.56,1020
,,,3.562,1020
,,,3.564,1020
,,,3.566,1020
,,,3.568,1000
,,,3.57,1020
,,,3.572,1020
,,,3.574,1000
,,,3.576,1020
,,,3.578,1000
,,,3.58,1020
,,,3.582,1000
,,,3.584,1000
,,,3.586,1000
,,,3.588,1020
,,,3.59,1000
,,,3.592,1000
,,,3.594,1020
,,,3.596,1020
,,,3.598,1000
,,,3.6,980
,,,3.602,1000
,,,3.604,980
,,,3.606,980
,,,3.608,1000
,,,3.61,1000
,,,3.612,1000
,,,3.614,980
,,,3.616,980
,,,3.618,980
,,,3.62,980
,,,3.622,1000
,,,3.624,980
,,,3.626,1000
,,,3.628,980
,,,3.63,980
,,,3.632,980
,,,3.634,980
,,,3.636,980
,,,3.638,980
,,,3.64,980
,,,3.642,980
,,,3.644,960
,,,3.646,980
,,,3.648,1000
,,,3.65,980
,,,3.652,1000
,,,3.654,980
,,,3.656,960
,,,3.658,980
,,,3.66,960
,,,3.662,980
,,,3.664,960
,,,3.666,980
,,,3.668,960
,,,3.67,960
,,,3.672,960
,,,3.674,960
,,,3.676,1000
,,,3.678,960
,,,3.68,960
,,,3.682,980
,,,3.684,960
,,,3.686,960
,,,3.688,960
,,,3.69,980
,,,3.692,980
,,,3.694,940
,,,3.696,960
,,,3.698,960
,,,3.7,980
,,,3.702,960
,,,3.704,940
,,,3.706,940
,,,3.708,960
,,,3.71,960
,,,3.712,940
,,,3.714,940
,,,3.716,960
,,,3.718,940
,,,3.72,940
,,,3.722,940
,,,3.724,940
,,,3.726,940
,,,3.728,940
,,,3.73,960
,,,3.732,940
,,,3.734,940
,,,3.736,940
,,,3.738,940
,,,3.74,960
,,,3.742,940
,,,3.744,920
,,,3.746,940
,,,3.748,920
,,,3.75,940
,,,3.752,940
,,,3.754,940
,,,3.756,940
,,,3.758,920
,,,3.76,940
,,,3.762,920
,,,3.764,920
,,,3.766,920
,,,3.768,940
,,,3.77,920
,,,3.772,920
,,,3.774,920
,,,3.776,940
,,,3.778,920
,,,3.78,920
,,,3.782,920
,,,3.784,920
,,,3.786,940
,,,3.788,900
,,,3.79,920
,,,3.792,920
,,,3.794,920
,,,3.796,920
,,,3.798,920
,,,3.8,920
,,,3.802,920
,,,3.804,920
,,,3.806,920
,,,3.808,920
,,,3.81,900
,,,3.812,920
,,,3.814,900
,,,3.816,920
,,,3.818,900
,,,3.82,900
,,,3.822,900
,,,3.824,900
,,,3.826,920
,,,3.828,900
,,,3.83,900
,,,3.832,900
,,,3.834,900
,,,3.836,920
,,,3.838,900
,,,3.84,920
,,,3.842,900
,,,3.844,900
,,,3.846,900
,,,3.848,900
,,,3.85,900
,,,3.852,880
,,,3.854,900
,,,3.856,880
,,,3.858,900
,,,3.86,880
,,,3.862,880
,,,3.864,920
,,,3.866,880
,,,3.868,880
,,,3.87,900
,,,3.872,880
,,,3.874,880
,,,3.876,880
,,,3.878,880
,,,3.88,880
,,,3.882,880
,,,3.884,880
,,,3.886,880
,,,3.888,880
,,,3.89,860
,,,3.892,900
,,,3.894,880
,,,3.896,880
,,,3.898,860
,,,3.9,860
,,,3.902,860
,,,3.904,880
,,,3.906,880
,,,3.908,880
,,,3.91,880
,,,3.912,880
,,,3.914,880
,,,3.916,860
,,,3.918,860
,,,3.92,860
,,,3.922,880
,,,3.924,860
,,,3.926,860
,,,3.928,880
,,,3.93,860
,,,3.932,860
,,,3.934,860
,,,3.936,860
,,,3.938,860
,,,3.94,860
,,,3.942,860
,,,3.944,860
,,,3.946,860
,,,3.948,860
,,,3.95,860
,,,3.952,860
,,,3.954,860
,,,3.956,860
,,,3.958,860
,,,3.96,840
,,,3.962,860
,,,3.964,840
,,,3.966,840
,,,3.968,840
,,,3.97,860
,,,3.972,840
,,,3.974,840
,,,3.976,840
,,,3.978,840
,,,3.98,840
,,,3.982,840
,,,3.984,860
,,,3.986,840
,,,3.988,840
,,,3.99,840
,,,3.992,840
,,,3.994,840
,,,3.996,840
,,,3.998,840
,,,4,840
,,,4.002,840
,,,4.004,840
,,,4.006,840
,,,4.008,820
,,,4.01,840
,,,4.012,840
,,,4.014,820
,,,4.016,820
,,,4.018,840
,,,4.02,840
,,,4.022,820
,,,4.024,840
,,,4.026,840
,,,4.028,840
,,,4.03,840
,,,4.032,840
,,,4.034,840
,,,4.036,840
,,,4.038,820
,,,4.04,820
,,,4.042,840
,,,4.044,820
,,,4.046,800
,,,4.048,820
,,,4.05,820
,,,4.052,840
,,,4.054,820
,,,4.056,840
,,,4.058,840
,,,4.06,820
,,,4.062,840
,,,4.064,820
,,,4.066,820
,,,4.068,820
,,,4.07,820
,,,4.072,820
,,,4.074,800
,,,4.076,820
,,,4.078,820
,,,4.08,800
,,,4.082,820
,,,4.084,820
,,,4.086,820
,,,4.088,820
,,,4.09,820
,,,4.092,800
,,,4.094,820
,,,4.096,800
,,,4.098,800
,,,4.1,800
,,,4.102,820
,,,4.104,800
,,,4.106,800
,,,4.108,800
,,,4.11,800
,,,4.112,800
,,,4.114,800
,,,4.116,800
,,,4.118,800
,,,4.12,800
,,,4.122,800
,,,4.124,780
,,,4.126,800
,,,4.128,780
,,,4.13,780
,,,4.132,800
,,,4.134,800
,,,4.136,780
,,,4.138,780
,,,4.14,780
,,,4.142,780
,,,4.144,780
,,,4.146,800
,,,4.148,780
,,,4.15,780
,,,4.152,780
,,,4.154,780
,,,4.156,780
,,,4.158,780
,,,4.16,760
,,,4.162,760
,,,4.164,820
,,,4.166,780
,,,4.168,780
,,,4.17,780
,,,4.172,780
,,,4.174,780
,,,4.176,780
,,,4.178,780
,,,4.18,780
,,,4.182,780
,,,4.184,780
,,,4.186,760
,,,4.188,780
,,,4.19,760
,,,4.192,780
,,,4.194,780
,,,4.196,760
,,,4.198,760
,,,4.2,760
,,,4.202,760
,,,4.204,780
,,,4.206,760
,,,4.208,760
,,,4.21,780
,,,4.212,760
,,,4.214,760
,,,4.216,760
,,,4.218,760
,,,4.22,760
,,,4.222,760
,,,4.224,760
,,,4.226,760
,,,4.228,760
,,,4.23,740
,,,4.232,760
,,,4.234,740
,,,4.236,740
,,,4.238,760
,,,4.24,760
,,,4.242,760
,,,4.244,760
,,,4.246,740
,,,4.248,760
,,,4.25,760
,,,4.252,740
,,,4.254,740
,,,4.256,760
,,,4.258,760
,,,4.26,740
,,,4.262,740
,,,4.264,760
,,,4.266,740
,,,4.268,740
,,,4.27,740
,,,4.272,740
,,,4.274,740
,,,4.276,740
,,,4.278,740
,,,4.28,740
,,,4.282,740
,,,4.284,740
,,,4.286,740
,,,4.288,740
,,,4.29,740
,,,4.292,740
,,,4.294,740
,,,4.296,740
,,,4.298,740
,,,4.3,740
,,,4.302,760
,,,4.304,740
,,,4.306,740
,,,4.308,720
,,,4.31,740
,,,4.312,740
,,,4.314,740
,,,4.316,740
,,,4.318,740
,,,4.32,740
,,,4.322,740
,,,4.324,720
,,,4.326,740
,,,4.328,700
,,,4.33,720
,,,4.332,720
,,,4.334,720
,,,4.336,700
,,,4.338,720
,,,4.34,740
,,,4.342,720
,,,4.344,720
,,,4.346,720
,,,4.348,720
,,,4.35,700
,,,4.352,720
,,,4.354,700
,,,4.356,720
,,,4.358,700
,,,4.36,700
,,,4.362,720
,,,4.364,720
,,,4.366,720
,,,4.368,700
,,,4.37,720
,,,4.372,720
,,,4.374,720
,,,4.376,680
,,,4.378,720
,,,4.38,700
,,,4.382,700
,,,4.384,700
,,,4.386,720
,,,4.388,700
,,,4.39,720
,,,4.392,700
,,,4.394,700
,,,4.396,700
,,,4.398,700
,,,4.4,720
,,,4.402,720
,,,4.404,700
,,,4.406,720
,,,4.408,700
,,,4.41,700
,,,4.412,700
,,,4.414,700
,,,4.416,700
,,,4.418,700
,,,4.42,680
,,,4.422,720
,,,4.424,700
,,,4.426,700
,,,4.428,680
,,,4.43,700
,,,4.432,700
,,,4.434,700
,,,4.436,700
,,,4.438,680
,,,4.44,700
,,,4.442,680
,,,4.444,680
,,,4.446,700
,,,4.448,680
,,,4.45,700
,,,4.452,700
,,,4.454,680
,,,4.456,700
,,,4.458,700
,,,4.46,700
,,,4.462,680
,,,4.464,700
,,,4.466,680
,,,4.468,680
,,,4.47,700
,,,4.472,680
,,,4.474,680
,,,4.476,680
,,,4.478,680
,,,4.48,660
,,,4.482,680
,,,4.484,680
,,,4.486,680
,,,4.488,680
,,,4.49,680
,,,4.492,680
,,,4.494,680
,,,4.496,680
,,,4.498,680
